start,end,duration_seconds,duration,project,client,description,task,user,tags,duration_decimal
2021-03-31T12:11:00+02:00[Europe/Berlin],2021-03-31T12:24:00+02:00[Europe/Berlin],780,00:13:00,maintenance,Byron,https://github.com/Byron/pulldown-cmark-to-cmark/issues/23,,Byron,,0.22
2021-03-31T12:41:00+02:00[Europe/Berlin],2021-03-31T12:44:00+02:00[Europe/Berlin],180,00:03:00,gitoxide,Byron,std-arch PR preps,,Byron,,0.05
2021-03-31T21:19:00+02:00[Europe/Berlin],2021-03-31T22:35:00+02:00[Europe/Berlin],4560,01:16:00,gitoxide,Byron,Stakeholder communication,,Byron,,1.27
2021-03-31T22:36:00+02:00[Europe/Berlin],2021-03-31T22:40:00+02:00[Europe/Berlin],240,00:04:00,GitPython,Byron,Issue 1209,,Byron,,0.07
2021-04-01T08:28:00+02:00[Europe/Berlin],2021-04-01T09:20:00+02:00[Europe/Berlin],3120,00:52:00,Google APIs,Byron,Fix compile errors,,Byron,,0.87
2021-04-01T09:55:00+02:00[Europe/Berlin],2021-04-01T10:37:00+02:00[Europe/Berlin],2520,00:42:00,Google APIs,Byron,All libs build with async,,Byron,,0.70
2021-04-01T10:37:00+02:00[Europe/Berlin],2021-04-01T10:44:00+02:00[Europe/Berlin],420,00:07:00,gitoxide,Byron,Std arch pr,,Byron,,0.12
2021-04-01T10:45:00+02:00[Europe/Berlin],2021-04-01T11:03:00+02:00[Europe/Berlin],1080,00:18:00,gitoxide,Byron,reply to grant opportunity and in chat,,Byron,,0.30
2021-04-01T15:21:00+02:00[Europe/Berlin],2021-04-01T19:15:00+02:00[Europe/Berlin],14040,03:54:00,Google APIs,Byron,,,Byron,,3.90
2021-04-01T20:47:00+02:00[Europe/Berlin],2021-04-01T21:15:00+02:00[Europe/Berlin],1680,00:28:00,Google APIs,Byron,,,Byron,,0.47
2021-04-01T21:48:00+02:00[Europe/Berlin],2021-04-01T23:30:00+02:00[Europe/Berlin],6120,01:42:00,Google APIs,Byron,Fix everything there is in https://github.com/Byron/google-apis-rs/pull/264 and merge it,,Byron,,1.70
2021-04-01T23:30:00+02:00[Europe/Berlin],2021-04-01T23:37:00+02:00[Europe/Berlin],420,00:07:00,gitoxide,Byron,Try to learn more about what needs to be done with radicle.,,Byron,,0.12
2021-04-01T23:37:00+02:00[Europe/Berlin],2021-04-02T00:00:00+02:00[Europe/Berlin],1380,00:23:00,Google APIs,Byron,"publish crates, communicate EOD",,Byron,,0.38
2021-04-02T00:00:00+02:00[Europe/Berlin],2021-04-02T00:28:00+02:00[Europe/Berlin],1680,00:28:00,Google APIs,Byron,"publish crates, communicate EOD",,Byron,,0.47
2021-04-02T08:06:00+02:00[Europe/Berlin],2021-04-02T08:41:00+02:00[Europe/Berlin],2100,00:35:00,Google APIs,Byron,"Fix doc publishing , publish more crates, ask for limit increase",,Byron,,0.58
2021-04-02T08:42:00+02:00[Europe/Berlin],2021-04-02T09:51:00+02:00[Europe/Berlin],4140,01:09:00,maintenance,Byron,Setup GPG key and sidecar for more ergonomic working; try to get sidecar and VPN working through cable - FAIL; try NORDVPN - fail,,Byron,,1.15
2021-04-02T20:11:00+02:00[Europe/Berlin],2021-04-02T21:11:00+02:00[Europe/Berlin],3600,01:00:00,Google APIs,Byron,Merge fix and publish crates in the background,,Byron,,1
2021-04-02T20:45:00+02:00[Europe/Berlin],2021-04-02T21:07:00+02:00[Europe/Berlin],1320,00:22:00,gitoxide,Byron,Answer collaboration request.,,Byron,,0.37
2021-04-02T21:29:00+02:00[Europe/Berlin],2021-04-02T22:24:00+02:00[Europe/Berlin],3300,00:55:00,gitoxide,Byron,stdarch commits + learn a little more about the crate.,,Byron,,0.92
2021-04-03T09:28:00+02:00[Europe/Berlin],2021-04-03T09:44:00+02:00[Europe/Berlin],960,00:16:00,gitoxide,Byron,Address change request in stdarch,,Byron,,0.27
2021-04-03T09:44:00+02:00[Europe/Berlin],2021-04-03T10:23:00+02:00[Europe/Berlin],2340,00:39:00,Google APIs,Byron,Finish publishing google API crates and marketing; reconnect to new generator project.,,Byron,,0.65
2021-04-03T10:45:00+02:00[Europe/Berlin],2021-04-03T11:43:00+02:00[Europe/Berlin],3480,00:58:00,gitoxide,Byron,the daily hour on stdarch,,Byron,,0.97
2021-04-03T13:51:00+02:00[Europe/Berlin],2021-04-03T14:21:00+02:00[Europe/Berlin],1800,00:30:00,gitoxide,Byron,Merge https://github.com/Byron/gitoxide/pull/60,,Byron,,0.50
2021-04-03T14:21:00+02:00[Europe/Berlin],2021-04-03T15:14:00+02:00[Europe/Berlin],3180,00:53:00,gitoxide,Byron,Dive into SHA1 and try to drive it forward.,,Byron,,0.88
2021-04-03T22:30:00+02:00[Europe/Berlin],2021-04-03T22:57:00+02:00[Europe/Berlin],1620,00:27:00,Google APIs,Byron,Cleanup,,Byron,,0.45
2021-04-04T10:12:00+02:00[Europe/Berlin],2021-04-04T11:37:00+02:00[Europe/Berlin],5100,01:25:00,gitoxide,Byron,https://github.com/Byron/gitoxide/discussions/62,,Byron,,1.42
2021-04-04T14:14:00+02:00[Europe/Berlin],2021-04-04T14:35:00+02:00[Europe/Berlin],1260,00:21:00,gitoxide,Byron,Experiment with Result<Option<O>> - looks good,,Byron,,0.35
2021-04-04T17:49:00+02:00[Europe/Berlin],2021-04-04T18:30:00+02:00[Europe/Berlin],2460,00:41:00,gitoxide,Byron,https://github.com/users/Byron/projects/1#card-57932960,,Byron,,0.68
2021-04-04T18:45:00+02:00[Europe/Berlin],2021-04-04T19:30:00+02:00[Europe/Berlin],2700,00:45:00,gitoxide,Byron,stdarch,,Byron,,0.75
2021-04-04T20:37:00+02:00[Europe/Berlin],2021-04-04T21:06:00+02:00[Europe/Berlin],1740,00:29:00,gitoxide,Byron,Finish std-arch for the day,,Byron,,0.48
2021-04-04T21:06:00+02:00[Europe/Berlin],2021-04-04T21:16:00+02:00[Europe/Berlin],600,00:10:00,maintenance,Byron,dua-cli issues,,Byron,,0.17
2021-04-04T21:16:00+02:00[Europe/Berlin],2021-04-04T21:27:00+02:00[Europe/Berlin],660,00:11:00,gitoxide,Byron,"Check ASM-crates replies, take a moment to look at C based SHA1 intrinsics which can be ported to Rust if needed (similar to what was done with Sha256 already). Some intrinsics might be missing though but can be added to stdarch",,Byron,,0.18
2021-04-04T21:28:00+02:00[Europe/Berlin],2021-04-04T22:05:00+02:00[Europe/Berlin],2220,00:37:00,gitoxide,Byron,parallel object access,,Byron,,0.62
2021-04-05T09:20:00+02:00[Europe/Berlin],2021-04-05T09:46:00+02:00[Europe/Berlin],1560,00:26:00,gitoxide,Byron,Parallel libgit2 object lookup,,Byron,,0.43
2021-04-05T09:47:00+02:00[Europe/Berlin],2021-04-05T10:10:00+02:00[Europe/Berlin],1380,00:23:00,gitoxide,Byron,More object access testing: libgit2 can only read the object size.,,Byron,,0.38
2021-04-05T11:25:00+02:00[Europe/Berlin],2021-04-05T11:45:00+02:00[Europe/Berlin],1200,00:20:00,gitoxide,Byron,prototype benchmark,,Byron,,0.33
2021-04-06T20:39:00+02:00[Europe/Berlin],2021-04-06T21:02:00+02:00[Europe/Berlin],1380,00:23:00,gitoxide,Byron,https://github.com/Byron/gitoxide/pull/65,,Byron,,0.38
2021-04-06T21:02:00+02:00[Europe/Berlin],2021-04-06T21:28:00+02:00[Europe/Berlin],1560,00:26:00,Google APIs,Byron,https://github.com/Byron/google-apis-rs/issues/266,,Byron,,0.43
2021-04-07T11:26:00+02:00[Europe/Berlin],2021-04-07T13:17:00+02:00[Europe/Berlin],6660,01:51:00,gitoxide,Byron,"stdarch PR, with interruptions",,Byron,,1.85
2021-04-07T14:42:00+02:00[Europe/Berlin],2021-04-07T15:16:00+02:00[Europe/Berlin],2040,00:34:00,gitoxide,Byron,https://github.com/Byron/gitoxide/issues/66; contribution guide,,Byron,,0.57
2021-04-07T16:21:00+02:00[Europe/Berlin],2021-04-07T17:13:00+02:00[Europe/Berlin],3120,00:52:00,gitoxide,Byron,Understand what has to be done about git-hash,,Byron,,0.87
2021-04-07T19:44:00+02:00[Europe/Berlin],2021-04-07T21:24:00+02:00[Europe/Berlin],6000,01:40:00,gitoxide,Byron,More of #63,,Byron,,1.67
2021-04-07T21:32:00+02:00[Europe/Berlin],2021-04-07T21:53:00+02:00[Europe/Berlin],1260,00:21:00,gitoxide,Byron,Experiment with properly referenced slice-like types,,Byron,,0.35
2021-04-07T22:19:00+02:00[Europe/Berlin],2021-04-08T00:00:00+02:00[Europe/Berlin],6060,01:41:00,gitoxide,Byron,,,Byron,,1.68
2021-04-08T00:00:00+02:00[Europe/Berlin],2021-04-08T00:43:00+02:00[Europe/Berlin],2580,00:43:00,gitoxide,Byron,,,Byron,,0.72
2021-04-08T09:45:00+02:00[Europe/Berlin],2021-04-08T11:03:00+02:00[Europe/Berlin],4680,01:18:00,gitoxide,Byron,Strides towards finishing oid refactoring,,Byron,,1.30
2021-04-08T19:42:00+02:00[Europe/Berlin],2021-04-08T20:05:00+02:00[Europe/Berlin],1380,00:23:00,gitoxide,Byron,#63,,Byron,,0.38
2021-04-08T20:53:00+02:00[Europe/Berlin],2021-04-08T22:00:00+02:00[Europe/Berlin],4020,01:07:00,gitoxide,Byron,,,Byron,,1.12
2021-04-09T09:54:00+02:00[Europe/Berlin],2021-04-09T10:45:00+02:00[Europe/Berlin],3060,00:51:00,gitoxide,Byron,try stdarch compile error reproduction,,Byron,,0.85
2021-04-09T12:31:00+02:00[Europe/Berlin],2021-04-09T12:39:00+02:00[Europe/Berlin],480,00:08:00,Google APIs,Byron,,,Byron,,0.13
2021-04-09T15:45:00+02:00[Europe/Berlin],2021-04-09T17:43:00+02:00[Europe/Berlin],7080,01:58:00,gitoxide,Byron,make stdarch build again,,Byron,,1.97
2021-04-10T09:49:00+02:00[Europe/Berlin],2021-04-10T10:34:00+02:00[Europe/Berlin],2700,00:45:00,gitoxide,Byron,"Finish std-arch, stuck and demotivated",,Byron,,0.75
2021-04-10T19:13:00+02:00[Europe/Berlin],2021-04-10T19:35:00+02:00[Europe/Berlin],1320,00:22:00,gitoxide,Byron,Start pack gen,,Byron,,0.37
2021-04-11T11:48:00+02:00[Europe/Berlin],2021-04-11T12:16:00+02:00[Europe/Berlin],1680,00:28:00,gitoxide,Byron,Pack gen research,,Byron,,0.47
2021-04-11T22:13:00+02:00[Europe/Berlin],2021-04-11T23:01:00+02:00[Europe/Berlin],2880,00:48:00,gitoxide,Byron,Cache perf tests,,Byron,,0.80
2021-04-12T09:52:00+02:00[Europe/Berlin],2021-04-12T10:16:00+02:00[Europe/Berlin],1440,00:24:00,Google APIs,Byron,,,Byron,,0.40
2021-04-12T10:16:00+02:00[Europe/Berlin],2021-04-12T10:18:00+02:00[Europe/Berlin],120,00:02:00,GitPython,Byron,,,Byron,,0.03
2021-04-12T10:18:00+02:00[Europe/Berlin],2021-04-12T10:24:00+02:00[Europe/Berlin],360,00:06:00,maintenance,Byron,Dua-cli pr 86,,Byron,,0.10
2021-04-12T10:25:00+02:00[Europe/Berlin],2021-04-12T10:34:00+02:00[Europe/Berlin],540,00:09:00,gitoxide,Byron,Try stdarch with latest nightly. https://github.com/rust-lang/stdarch/pull/1104#issuecomment-817437987,,Byron,,0.15
2021-04-12T12:35:00+02:00[Europe/Berlin],2021-04-12T12:44:00+02:00[Europe/Berlin],540,00:09:00,gitoxide,Byron,stdarch; start pack cache lookup bugfix,,Byron,,0.15
2021-04-12T20:38:00+02:00[Europe/Berlin],2021-04-12T21:58:00+02:00[Europe/Berlin],4800,01:20:00,gitoxide,Byron,Fix lookup with cache; study how to get rid of polonius and remove it,,Byron,,1.33
2021-04-13T18:51:00+02:00[Europe/Berlin],2021-04-13T19:01:00+02:00[Europe/Berlin],600,00:10:00,GitPython,Byron,https://github.com/gitpython-developers/GitPython/issues/1210,,Byron,,0.17
2021-04-13T19:02:00+02:00[Europe/Berlin],2021-04-13T19:21:00+02:00[Europe/Berlin],1140,00:19:00,Google APIs,Byron,https://github.com/Byron/google-apis-rs/discussions/271?converting=1,,Byron,,0.32
2021-04-13T19:22:00+02:00[Europe/Berlin],2021-04-13T19:29:00+02:00[Europe/Berlin],420,00:07:00,GitPython,Byron,https://github.com/gitpython-developers/GitPython/issues/1210,,Byron,,0.12
2021-04-13T19:30:00+02:00[Europe/Berlin],2021-04-13T19:41:00+02:00[Europe/Berlin],660,00:11:00,gitoxide,Byron,stdarch conflict resolution,,Byron,,0.18
2021-04-13T19:42:00+02:00[Europe/Berlin],2021-04-13T21:18:00+02:00[Europe/Berlin],5760,01:36:00,gitoxide,Byron,https://github.com/Byron/gitoxide/issues/66,,Byron,,1.60
2021-04-14T09:10:00+02:00[Europe/Berlin],2021-04-14T10:36:00+02:00[Europe/Berlin],5160,01:26:00,Google APIs,Byron,https://github.com/Byron/google-apis-rs/discussions/271; republish throughout the day,,Byron,,1.43
2021-04-14T10:59:00+02:00[Europe/Berlin],2021-04-14T11:00:00+02:00[Europe/Berlin],60,00:01:00,GitPython,Byron,,,Byron,,0.02
2021-04-14T13:21:00+02:00[Europe/Berlin],2021-04-14T14:03:00+02:00[Europe/Berlin],2520,00:42:00,GitPython,Byron,https://github.com/gitpython-developers/GitPython/issues/1210,,Byron,,0.70
2021-04-14T14:04:00+02:00[Europe/Berlin],2021-04-14T14:13:00+02:00[Europe/Berlin],540,00:09:00,gitoxide,Byron,Setup appointment for radicle meeting,,Byron,,0.15
2021-04-14T16:03:00+02:00[Europe/Berlin],2021-04-14T16:38:00+02:00[Europe/Berlin],2100,00:35:00,Google APIs,Byron,https://github.com/Byron/google-apis-rs/discussions/271#discussioncomment-608367,,Byron,,0.58
2021-04-15T09:51:00+02:00[Europe/Berlin],2021-04-15T11:02:00+02:00[Europe/Berlin],4260,01:11:00,Google APIs,Byron,Set project to maintenance mode,,Byron,,1.18
2021-04-15T16:36:00+02:00[Europe/Berlin],2021-04-15T16:43:00+02:00[Europe/Berlin],420,00:07:00,maintenance,Byron,https://github.com/Byron/dua-cli/issues/87,,Byron,,0.12
2021-04-15T17:02:00+02:00[Europe/Berlin],2021-04-15T18:31:00+02:00[Europe/Berlin],5340,01:29:00,gitoxide,Byron,https://github.com/Byron/gitoxide/issues/67,,Byron,,1.48
2021-04-15T19:05:00+02:00[Europe/Berlin],2021-04-15T19:28:00+02:00[Europe/Berlin],1380,00:23:00,gitoxide,Byron,Radicle meeting prep,,Byron,,0.38
2021-04-15T19:28:00+02:00[Europe/Berlin],2021-04-15T21:36:00+02:00[Europe/Berlin],7680,02:08:00,gitoxide,Byron,Radicle Involvement Meeting,,Byron,,2.13
2021-04-16T09:01:00+02:00[Europe/Berlin],2021-04-16T09:08:00+02:00[Europe/Berlin],420,00:07:00,maintenance,Byron,,,Byron,,0.12
2021-04-16T09:08:00+02:00[Europe/Berlin],2021-04-16T09:14:00+02:00[Europe/Berlin],360,00:06:00,GitPython,Byron,https://github.com/gitpython-developers/GitPython/discussions/1212,,Byron,,0.10
2021-04-16T09:15:00+02:00[Europe/Berlin],2021-04-16T09:22:00+02:00[Europe/Berlin],420,00:07:00,GitPython,Byron,https://github.com/gitpython-developers/GitPython/discussions/1212,,Byron,,0.12
2021-04-16T09:42:00+02:00[Europe/Berlin],2021-04-16T09:44:00+02:00[Europe/Berlin],120,00:02:00,GitPython,Byron,https://github.com/gitpython-developers/GitPython/issues/1189,,Byron,,0.03
2021-04-16T09:44:00+02:00[Europe/Berlin],2021-04-16T09:54:00+02:00[Europe/Berlin],600,00:10:00,Google APIs,Byron,https://github.com/Byron/google-apis-rs/issues/278,,Byron,,0.17
2021-04-16T15:51:00+02:00[Europe/Berlin],2021-04-16T15:55:00+02:00[Europe/Berlin],240,00:04:00,Google APIs,Byron,https://github.com/Byron/google-apis-rs/issues/173#issuecomment-820964911,,Byron,,0.07
2021-04-16T18:06:00+02:00[Europe/Berlin],2021-04-16T18:16:00+02:00[Europe/Berlin],600,00:10:00,gitoxide,Byron,https://github.com/Byron/gitoxide/discussions/70?converting=1,,Byron,,0.17
2021-04-16T18:17:00+02:00[Europe/Berlin],2021-04-16T18:33:00+02:00[Europe/Berlin],960,00:16:00,gitoxide,Byron,https://github.com/rust-lang/stdarch/pull/1104#issuecomment-821082577,,Byron,,0.27
2021-04-17T11:12:00+02:00[Europe/Berlin],2021-04-17T11:39:00+02:00[Europe/Berlin],1620,00:27:00,gitoxide,Byron,https://github.com/rust-lang/stdarch/pull/1104#issuecomment-821759220,,Byron,,0.45
2021-04-17T14:03:00+02:00[Europe/Berlin],2021-04-17T14:27:00+02:00[Europe/Berlin],1440,00:24:00,gitoxide,Byron,https://github.com/rust-lang/stdarch/pull/1104#issuecomment-821775679,,Byron,,0.40
2021-04-17T15:01:00+02:00[Europe/Berlin],2021-04-17T16:53:00+02:00[Europe/Berlin],6720,01:52:00,gitoxide,Byron,Once more: https://github.com/rust-lang/stdarch/pull/1104#issuecomment-821787027,,Byron,,1.87
2021-04-17T19:28:00+02:00[Europe/Berlin],2021-04-17T21:34:00+02:00[Europe/Berlin],7560,02:06:00,gitoxide,Byron,"#67, with interruptions",,Byron,,2.10
2021-04-18T08:43:00+02:00[Europe/Berlin],2021-04-18T08:50:00+02:00[Europe/Berlin],420,00:07:00,GitPython,Byron,https://github.com/gitpython-developers/gitdb/issues/70,,Byron,,0.12
2021-04-18T08:51:00+02:00[Europe/Berlin],2021-04-18T08:52:00+02:00[Europe/Berlin],60,00:01:00,maintenance,Byron,https://github.com/Byron/open-rs/issues/30,,Byron,,0.02
2021-04-18T11:01:00+02:00[Europe/Berlin],2021-04-18T11:15:00+02:00[Europe/Berlin],840,00:14:00,gitoxide,Byron,,,Byron,,0.23
2021-04-18T12:57:00+02:00[Europe/Berlin],2021-04-18T16:07:00+02:00[Europe/Berlin],11400,03:10:00,gitoxide,Byron,#67 - parallel iterator,,Byron,,3.17
2021-04-18T17:11:00+02:00[Europe/Berlin],2021-04-18T17:19:00+02:00[Europe/Berlin],480,00:08:00,gitoxide,Byron,,,Byron,,0.13
2021-04-18T17:19:00+02:00[Europe/Berlin],2021-04-18T17:41:00+02:00[Europe/Berlin],1320,00:22:00,maintenance,Byron,https://github.com/Byron/open-rs/issues/30,,Byron,,0.37
2021-04-18T17:41:00+02:00[Europe/Berlin],2021-04-18T18:48:00+02:00[Europe/Berlin],4020,01:07:00,gitoxide,Byron,,,Byron,,1.12
2021-04-18T20:51:00+02:00[Europe/Berlin],2021-04-18T21:32:00+02:00[Europe/Berlin],2460,00:41:00,gitoxide,Byron,"Learn more about deltification, window size and depth to get an idea how objects are usually iterated.",,Byron,,0.68
2021-04-19T08:19:00+02:00[Europe/Berlin],2021-04-19T09:15:00+02:00[Europe/Berlin],3360,00:56:00,gitoxide,Byron,,,Byron,,0.93
2021-04-19T09:35:00+02:00[Europe/Berlin],2021-04-19T10:34:00+02:00[Europe/Berlin],3540,00:59:00,gitoxide,Byron,,,Byron,,0.98
2021-04-19T10:48:00+02:00[Europe/Berlin],2021-04-19T11:12:00+02:00[Europe/Berlin],1440,00:24:00,gitoxide,Byron,,,Byron,,0.40
2021-04-19T12:59:00+02:00[Europe/Berlin],2021-04-19T13:40:00+02:00[Europe/Berlin],2460,00:41:00,gitoxide,Byron,,,Byron,,0.68
2021-04-19T14:54:00+02:00[Europe/Berlin],2021-04-19T18:09:00+02:00[Europe/Berlin],11700,03:15:00,gitoxide,Byron,,,Byron,,3.25
2021-04-19T19:00:00+02:00[Europe/Berlin],2021-04-19T19:08:00+02:00[Europe/Berlin],480,00:08:00,Google APIs,Byron,https://github.com/Byron/google-apis-rs/discussions/279#discussioncomment-629661,,Byron,,0.13
2021-04-19T19:09:00+02:00[Europe/Berlin],2021-04-19T19:16:00+02:00[Europe/Berlin],420,00:07:00,gitoxide,Byron,,,Byron,,0.12
2021-04-20T09:18:00+02:00[Europe/Berlin],2021-04-20T09:20:00+02:00[Europe/Berlin],120,00:02:00,Google APIs,Byron,,,Byron,,0.03
2021-04-20T09:23:00+02:00[Europe/Berlin],2021-04-20T09:29:00+02:00[Europe/Berlin],360,00:06:00,GitPython,Byron,https://github.com/gitpython-developers/GitPython/issues/892,,Byron,,0.10
2021-04-20T10:55:00+02:00[Europe/Berlin],2021-04-20T12:15:00+02:00[Europe/Berlin],4800,01:20:00,gitoxide,Byron,,,Byron,,1.33
2021-04-20T13:24:00+02:00[Europe/Berlin],2021-04-20T13:45:00+02:00[Europe/Berlin],1260,00:21:00,GitPython,Byron,https://github.com/gitpython-developers/GitPython/issues/1216,,Byron,,0.35
2021-04-20T13:45:00+02:00[Europe/Berlin],2021-04-20T17:52:00+02:00[Europe/Berlin],14820,04:07:00,gitoxide,Byron,various object refactorings to allow traits to be consistent.,,Byron,,4.12
2021-04-20T18:32:00+02:00[Europe/Berlin],2021-04-20T19:37:00+02:00[Europe/Berlin],3900,01:05:00,gitoxide,Byron,refactoring,,Byron,,1.08
2021-04-20T20:44:00+02:00[Europe/Berlin],2021-04-20T21:40:00+02:00[Europe/Berlin],3360,00:56:00,gitoxide,Byron,,,Byron,,0.93
2021-04-20T22:06:00+02:00[Europe/Berlin],2021-04-20T22:29:00+02:00[Europe/Berlin],1380,00:23:00,gitoxide,Byron,Sponsor update,,Byron,,0.38
2021-04-20T22:30:00+02:00[Europe/Berlin],2021-04-20T22:35:00+02:00[Europe/Berlin],300,00:05:00,gitoxide,Byron,,,Byron,,0.08
2021-04-21T09:30:00+02:00[Europe/Berlin],2021-04-21T11:30:00+02:00[Europe/Berlin],7200,02:00:00,gitoxide,Byron,,,Byron,,2
2021-04-21T13:30:00+02:00[Europe/Berlin],2021-04-21T13:33:00+02:00[Europe/Berlin],180,00:03:00,GitPython,Byron,https://github.com/gitpython-developers/GitPython/issues/1215,,Byron,,0.05
2021-04-21T13:34:00+02:00[Europe/Berlin],2021-04-21T13:40:00+02:00[Europe/Berlin],360,00:06:00,GitPython,Byron,,,Byron,,0.10
2021-04-21T13:55:00+02:00[Europe/Berlin],2021-04-21T14:59:00+02:00[Europe/Berlin],3840,01:04:00,gitoxide,Byron,,,Byron,,1.07
2021-04-21T15:11:00+02:00[Europe/Berlin],2021-04-21T15:20:00+02:00[Europe/Berlin],540,00:09:00,gitoxide,Byron,,,Byron,,0.15
2021-04-21T16:01:00+02:00[Europe/Berlin],2021-04-21T16:09:00+02:00[Europe/Berlin],480,00:08:00,gitoxide,Byron,,,Byron,,0.13
2021-04-21T16:11:00+02:00[Europe/Berlin],2021-04-21T16:17:00+02:00[Europe/Berlin],360,00:06:00,GitPython,Byron,"https://github.com/gitpython-developers/GitPython/pull/1217, https://github.com/gitpython-developers/GitPython/pull/1218",,Byron,,0.10
2021-04-21T16:18:00+02:00[Europe/Berlin],2021-04-21T16:21:00+02:00[Europe/Berlin],180,00:03:00,Google APIs,Byron,https://github.com/Byron/google-apis-rs/discussions/279#discussioncomment-638614,,Byron,,0.05
2021-04-21T16:38:00+02:00[Europe/Berlin],2021-04-21T16:46:00+02:00[Europe/Berlin],480,00:08:00,GitPython,Byron,https://github.com/gitpython-developers/GitPython/issues/1219,,Byron,,0.13
2021-04-21T16:46:00+02:00[Europe/Berlin],2021-04-21T17:40:00+02:00[Europe/Berlin],3240,00:54:00,gitoxide,Byron,,,Byron,,0.90
2021-04-21T18:50:00+02:00[Europe/Berlin],2021-04-21T20:21:00+02:00[Europe/Berlin],5460,01:31:00,gitoxide,Byron,https://github.com/Byron/gitoxide/discussions/62#discussioncomment-639683,,Byron,,1.52
2021-04-22T09:25:00+02:00[Europe/Berlin],2021-04-22T09:42:00+02:00[Europe/Berlin],1020,00:17:00,GitPython,Byron,https://github.com/gitpython-developers/GitPython/issues/1223,,Byron,,0.28
2021-04-22T09:42:00+02:00[Europe/Berlin],2021-04-22T09:53:00+02:00[Europe/Berlin],660,00:11:00,Google APIs,Byron,https://github.com/Byron/google-apis-rs/pull/280,,Byron,,0.18
2021-04-22T09:54:00+02:00[Europe/Berlin],2021-04-22T10:02:00+02:00[Europe/Berlin],480,00:08:00,maintenance,Byron,https://github.com/zellij-org/zellij/pull/293#issuecomment-824065277,,Byron,,0.13
2021-04-22T10:38:00+02:00[Europe/Berlin],2021-04-22T10:54:00+02:00[Europe/Berlin],960,00:16:00,gitoxide,Byron,,,Byron,,0.27
2021-04-22T13:04:00+02:00[Europe/Berlin],2021-04-22T14:12:00+02:00[Europe/Berlin],4080,01:08:00,gitoxide,Byron,,,Byron,,1.13
2021-04-22T14:30:00+02:00[Europe/Berlin],2021-04-22T14:49:00+02:00[Europe/Berlin],1140,00:19:00,gitoxide,Byron,,,Byron,,0.32
2021-04-22T15:21:00+02:00[Europe/Berlin],2021-04-22T16:28:00+02:00[Europe/Berlin],4020,01:07:00,gitoxide,Byron,pack entry access,,Byron,,1.12
2021-04-22T16:29:00+02:00[Europe/Berlin],2021-04-22T16:31:00+02:00[Europe/Berlin],120,00:02:00,GitPython,Byron,https://github.com/gitpython-developers/GitPython/pull/1224,,Byron,,0.03
2021-04-22T16:37:00+02:00[Europe/Berlin],2021-04-22T16:55:00+02:00[Europe/Berlin],1080,00:18:00,GitPython,Byron,https://github.com/gitpython-developers/GitPython/pull/1224,,Byron,,0.30
2021-04-22T16:55:00+02:00[Europe/Berlin],2021-04-22T17:30:00+02:00[Europe/Berlin],2100,00:35:00,gitoxide,Byron,,,Byron,,0.58
2021-04-22T18:02:00+02:00[Europe/Berlin],2021-04-22T18:17:00+02:00[Europe/Berlin],900,00:15:00,gitoxide,Byron,,,Byron,,0.25
2021-04-22T21:17:00+02:00[Europe/Berlin],2021-04-22T22:18:00+02:00[Europe/Berlin],3660,01:01:00,gitoxide,Byron,,,Byron,,1.02
2021-04-23T07:20:00+02:00[Europe/Berlin],2021-04-23T07:46:00+02:00[Europe/Berlin],1560,00:26:00,GitPython,Byron,https://github.com/gitpython-developers/GitPython/issues/1223,,Byron,,0.43
2021-04-23T15:30:00+02:00[Europe/Berlin],2021-04-23T16:19:00+02:00[Europe/Berlin],2940,00:49:00,gitoxide,Byron,,,Byron,,0.82
2021-04-23T20:18:00+02:00[Europe/Berlin],2021-04-23T20:28:00+02:00[Europe/Berlin],600,00:10:00,GitPython,Byron,,,Byron,,0.17
2021-04-23T20:36:00+02:00[Europe/Berlin],2021-04-23T20:56:00+02:00[Europe/Berlin],1200,00:20:00,GitPython,Byron,,,Byron,,0.33
2021-04-23T21:09:00+02:00[Europe/Berlin],2021-04-23T21:10:00+02:00[Europe/Berlin],60,00:01:00,GitPython,Byron,,,Byron,,0.02
2021-04-23T21:16:00+02:00[Europe/Berlin],2021-04-23T21:44:00+02:00[Europe/Berlin],1680,00:28:00,GitPython,Byron,https://github.com/gitpython-developers/GitPython/issues/1223,,Byron,,0.47
2021-04-24T09:35:00+02:00[Europe/Berlin],2021-04-24T10:05:00+02:00[Europe/Berlin],1800,00:30:00,GitPython,Byron,https://github.com/gitpython-developers/GitPython/issues/1223#issuecomment-826017612,,Byron,,0.50
2021-04-24T10:06:00+02:00[Europe/Berlin],2021-04-24T10:16:00+02:00[Europe/Berlin],600,00:10:00,gitoxide,Byron,,,Byron,,0.17
2021-04-24T11:31:00+02:00[Europe/Berlin],2021-04-24T12:15:00+02:00[Europe/Berlin],2640,00:44:00,gitoxide,Byron,,,Byron,,0.73
2021-04-24T13:31:00+02:00[Europe/Berlin],2021-04-24T15:15:00+02:00[Europe/Berlin],6240,01:44:00,gitoxide,Byron,,,Byron,,1.73
2021-04-24T17:31:00+02:00[Europe/Berlin],2021-04-24T18:01:00+02:00[Europe/Berlin],1800,00:30:00,gitoxide,Byron,,,Byron,,0.50
2021-04-24T19:00:00+02:00[Europe/Berlin],2021-04-24T19:12:00+02:00[Europe/Berlin],720,00:12:00,gitoxide,Byron,https://github.com/RustCrypto/hashes/issues/251,,Byron,,0.20
2021-04-24T19:12:00+02:00[Europe/Berlin],2021-04-24T19:23:00+02:00[Europe/Berlin],660,00:11:00,GitPython,Byron,https://github.com/gitpython-developers/GitPython/pull/1227#issuecomment-826077900,,Byron,,0.18
2021-04-24T19:23:00+02:00[Europe/Berlin],2021-04-24T20:45:00+02:00[Europe/Berlin],4920,01:22:00,GitPython,Byron,Research Pyo3’s viability for bringing gitoxide to gitpython as the next generation.,,Byron,,1.37
2021-04-25T08:39:00+02:00[Europe/Berlin],2021-04-25T08:55:00+02:00[Europe/Berlin],960,00:16:00,gitoxide,Byron,Status update,,Byron,,0.27
2021-04-25T08:56:00+02:00[Europe/Berlin],2021-04-25T09:27:00+02:00[Europe/Berlin],1860,00:31:00,gitoxide,Byron,,,Byron,,0.52
2021-04-25T10:22:00+02:00[Europe/Berlin],2021-04-25T10:42:00+02:00[Europe/Berlin],1200,00:20:00,gitoxide,Byron,,,Byron,,0.33
2021-04-25T11:04:00+02:00[Europe/Berlin],2021-04-25T12:10:00+02:00[Europe/Berlin],3960,01:06:00,gitoxide,Byron,The first version of pack data writing (in a streaming fashion),,Byron,,1.10
2021-04-25T13:23:00+02:00[Europe/Berlin],2021-04-25T13:42:00+02:00[Europe/Berlin],1140,00:19:00,gitoxide,Byron,,,Byron,,0.32
2021-04-25T13:42:00+02:00[Europe/Berlin],2021-04-25T13:58:00+02:00[Europe/Berlin],960,00:16:00,maintenance,Byron,https://github.com/aome510/hackernews-TUI/pull/29,,Byron,,0.27
2021-04-25T14:27:00+02:00[Europe/Berlin],2021-04-25T15:07:00+02:00[Europe/Berlin],2400,00:40:00,gitoxide,Byron,,,Byron,,0.67
2021-04-25T15:35:00+02:00[Europe/Berlin],2021-04-25T16:23:00+02:00[Europe/Berlin],2880,00:48:00,gitoxide,Byron,first working version of pack writing,,Byron,,0.80
2021-04-25T16:42:00+02:00[Europe/Berlin],2021-04-25T17:23:00+02:00[Europe/Berlin],2460,00:41:00,gitoxide,Byron,,,Byron,,0.68
2021-04-25T18:37:00+02:00[Europe/Berlin],2021-04-25T18:47:00+02:00[Europe/Berlin],600,00:10:00,maintenance,Byron,https://github.com/aome510/hackernews-TUI/pull/29#issuecomment-826302259,,Byron,,0.17
2021-04-25T18:47:00+02:00[Europe/Berlin],2021-04-25T20:28:00+02:00[Europe/Berlin],6060,01:41:00,gitoxide,Byron,,,Byron,,1.68
2021-04-25T20:36:00+02:00[Europe/Berlin],2021-04-25T21:30:00+02:00[Europe/Berlin],3240,00:54:00,gitoxide,Byron,,,Byron,,0.90
2021-04-26T09:05:00+02:00[Europe/Berlin],2021-04-26T09:07:00+02:00[Europe/Berlin],120,00:02:00,gitoxide,Byron,https://github.com/RustCrypto/hashes/issues/257,,Byron,,0.03
2021-04-26T09:07:00+02:00[Europe/Berlin],2021-04-26T09:09:00+02:00[Europe/Berlin],120,00:02:00,GitPython,Byron,https://github.com/gitpython-developers/GitPython/issues/1228,,Byron,,0.03
2021-04-26T09:29:00+02:00[Europe/Berlin],2021-04-26T09:39:00+02:00[Europe/Berlin],600,00:10:00,Google APIs,Byron,https://github.com/Byron/google-apis-rs/issues/281,,Byron,,0.17
2021-04-26T09:39:00+02:00[Europe/Berlin],2021-04-26T10:22:00+02:00[Europe/Berlin],2580,00:43:00,gitoxide,Byron,prep git-diff,,Byron,,0.72
2021-04-26T10:37:00+02:00[Europe/Berlin],2021-04-26T11:35:00+02:00[Europe/Berlin],3480,00:58:00,gitoxide,Byron,research tree diff,,Byron,,0.97
2021-04-26T13:33:00+02:00[Europe/Berlin],2021-04-26T13:53:00+02:00[Europe/Berlin],1200,00:20:00,gitoxide,Byron,,,Byron,,0.33
2021-04-26T15:27:00+02:00[Europe/Berlin],2021-04-26T15:50:00+02:00[Europe/Berlin],1380,00:23:00,gitoxide,Byron,,,Byron,,0.38
2021-04-26T20:49:00+02:00[Europe/Berlin],2021-04-26T22:23:00+02:00[Europe/Berlin],5640,01:34:00,gitoxide,Byron,,,Byron,,1.57
2021-04-27T06:42:00+02:00[Europe/Berlin],2021-04-27T07:10:00+02:00[Europe/Berlin],1680,00:28:00,gitoxide,Byron,Pack v3 conversation; System update; diff API improvements,,Byron,,0.47
2021-04-27T08:20:00+02:00[Europe/Berlin],2021-04-27T10:28:00+02:00[Europe/Berlin],7680,02:08:00,gitoxide,Byron,tree diff api,,Byron,,2.13
2021-04-27T11:00:00+02:00[Europe/Berlin],2021-04-27T12:07:00+02:00[Europe/Berlin],4020,01:07:00,gitoxide,Byron,,,Byron,,1.12
2021-04-27T14:00:00+02:00[Europe/Berlin],2021-04-27T14:57:00+02:00[Europe/Berlin],3420,00:57:00,gitoxide,Byron,First succeeding test,,Byron,,0.95
2021-04-27T15:30:00+02:00[Europe/Berlin],2021-04-27T16:53:00+02:00[Europe/Berlin],4980,01:23:00,gitoxide,Byron,,,Byron,,1.38
2021-04-27T17:00:00+02:00[Europe/Berlin],2021-04-27T21:00:00+02:00[Europe/Berlin],14400,04:00:00,gitoxide,Byron,,,Byron,,4
2021-04-28T05:39:00+02:00[Europe/Berlin],2021-04-28T05:55:00+02:00[Europe/Berlin],960,00:16:00,maintenance,Byron,Clear out unused files for 70GB of disk space :D,,Byron,,0.27
2021-04-28T05:56:00+02:00[Europe/Berlin],2021-04-28T06:23:00+02:00[Europe/Berlin],1620,00:27:00,gitoxide,Byron,https://github.com/tailhook/quick-error/pull/56,,Byron,,0.45
2021-04-28T06:23:00+02:00[Europe/Berlin],2021-04-28T06:24:00+02:00[Europe/Berlin],60,00:01:00,gitoxide,Byron,,,Byron,,0.02
2021-04-28T06:28:00+02:00[Europe/Berlin],2021-04-28T08:14:00+02:00[Europe/Berlin],6360,01:46:00,gitoxide,Byron,,,Byron,,1.77
2021-04-28T08:50:00+02:00[Europe/Berlin],2021-04-28T11:07:00+02:00[Europe/Berlin],8220,02:17:00,gitoxide,Byron,,,Byron,,2.28
2021-04-28T11:21:00+02:00[Europe/Berlin],2021-04-28T11:51:00+02:00[Europe/Berlin],1800,00:30:00,gitoxide,Byron,,,Byron,,0.50
2021-04-28T13:30:00+02:00[Europe/Berlin],2021-04-28T15:44:00+02:00[Europe/Berlin],8040,02:14:00,gitoxide,Byron,,,Byron,,2.23
2021-04-28T16:01:00+02:00[Europe/Berlin],2021-04-28T17:17:00+02:00[Europe/Berlin],4560,01:16:00,gitoxide,Byron,,,Byron,,1.27
2021-04-28T21:20:00+02:00[Europe/Berlin],2021-04-28T22:33:00+02:00[Europe/Berlin],4380,01:13:00,gitoxide,Byron,,,Byron,,1.22
2021-04-29T06:45:00+02:00[Europe/Berlin],2021-04-29T08:05:00+02:00[Europe/Berlin],4800,01:20:00,gitoxide,Byron,,,Byron,,1.33
2021-04-29T08:42:00+02:00[Europe/Berlin],2021-04-29T11:55:00+02:00[Europe/Berlin],11580,03:13:00,gitoxide,Byron,,,Byron,,3.22
2021-04-29T16:02:00+02:00[Europe/Berlin],2021-04-29T17:53:00+02:00[Europe/Berlin],6660,01:51:00,gitoxide,Byron,,,Byron,,1.85
2021-04-30T09:58:00+02:00[Europe/Berlin],2021-04-30T10:08:00+02:00[Europe/Berlin],600,00:10:00,gitoxide,Byron,,,Byron,,0.17
2021-04-30T10:54:00+02:00[Europe/Berlin],2021-04-30T11:34:00+02:00[Europe/Berlin],2400,00:40:00,gitoxide,Byron,,,Byron,,0.67
2021-04-30T12:44:00+02:00[Europe/Berlin],2021-04-30T13:49:00+02:00[Europe/Berlin],3900,01:05:00,gitoxide,Byron,,,Byron,,1.08
2021-04-30T14:20:00+02:00[Europe/Berlin],2021-04-30T14:47:00+02:00[Europe/Berlin],1620,00:27:00,gitoxide,Byron,,,Byron,,0.45
2021-05-01T22:33:00+02:00[Europe/Berlin],2021-05-01T23:10:00+02:00[Europe/Berlin],2220,00:37:00,gitoxide,Byron,,,Byron,,0.62
2021-05-02T13:02:00+02:00[Europe/Berlin],2021-05-02T13:26:00+02:00[Europe/Berlin],1440,00:24:00,maintenance,Byron,https://github.com/Byron/pulldown-cmark-to-cmark/pull/24,,Byron,,0.40
2021-05-02T19:46:00+02:00[Europe/Berlin],2021-05-02T21:19:00+02:00[Europe/Berlin],5580,01:33:00,gitoxide,Byron,,,Byron,,1.55
2021-05-02T21:19:00+02:00[Europe/Berlin],2021-05-02T22:33:00+02:00[Europe/Berlin],4440,01:14:00,gitoxide,Byron,,,Byron,,1.23
2021-05-03T06:51:00+02:00[Europe/Berlin],2021-05-03T07:17:00+02:00[Europe/Berlin],1560,00:26:00,maintenance,Byron,upgrade to Tui 0.15,,Byron,,0.43
2021-05-03T07:17:00+02:00[Europe/Berlin],2021-05-03T09:23:00+02:00[Europe/Berlin],7560,02:06:00,maintenance,Byron,get dua-release to work again; gitoxide experiment in the off-time,,Byron,,2.10
2021-05-03T11:40:00+02:00[Europe/Berlin],2021-05-03T11:47:00+02:00[Europe/Berlin],420,00:07:00,gitoxide,Byron,,,Byron,,0.12
2021-05-05T07:20:00+02:00[Europe/Berlin],2021-05-05T07:35:00+02:00[Europe/Berlin],900,00:15:00,maintenance,Byron,Start using external microphone,,Byron,,0.25
2021-05-05T09:59:00+02:00[Europe/Berlin],2021-05-05T10:14:00+02:00[Europe/Berlin],900,00:15:00,GitPython,Byron,https://github.com/gitpython-developers/GitPython/pull/1229,,Byron,,0.25
2021-05-05T10:45:00+02:00[Europe/Berlin],2021-05-05T12:13:00+02:00[Europe/Berlin],5280,01:28:00,gitoxide,Byron,Wrapup git-traverse for trees,,Byron,,1.47
2021-05-05T12:49:00+02:00[Europe/Berlin],2021-05-05T14:53:00+02:00[Europe/Berlin],7440,02:04:00,gitoxide,Byron,Convenience methods for object iteration,,Byron,,2.07
2021-05-05T14:58:00+02:00[Europe/Berlin],2021-05-05T16:09:00+02:00[Europe/Berlin],4260,01:11:00,gitoxide,Radicle,collaboration kickoff,,Byron,,1.18
2021-05-06T08:01:00+02:00[Europe/Berlin],2021-05-06T08:04:00+02:00[Europe/Berlin],180,00:03:00,gitoxide,Byron,,,Byron,,0.05
2021-05-06T08:04:00+02:00[Europe/Berlin],2021-05-06T08:09:00+02:00[Europe/Berlin],300,00:05:00,gitoxide,Radicle,create tracking ticket: https://github.com/Byron/gitoxide/issues/77,,Byron,,0.08
2021-05-06T09:23:00+02:00[Europe/Berlin],2021-05-06T10:41:00+02:00[Europe/Berlin],4680,01:18:00,gitoxide,Byron,"Wrapup convenience API, improve experiments with it.",,Byron,,1.30
2021-05-06T11:40:00+02:00[Europe/Berlin],2021-05-06T12:01:00+02:00[Europe/Berlin],1260,00:21:00,gitoxide,Radicle,async abstractions: maybe async research,,Byron,,0.35
2021-05-06T12:59:00+02:00[Europe/Berlin],2021-05-06T13:44:00+02:00[Europe/Berlin],2700,00:45:00,gitoxide,Radicle,Figure out where to start: http client impl using surf,,Byron,,0.75
2021-05-06T14:07:00+02:00[Europe/Berlin],2021-05-06T14:31:00+02:00[Europe/Berlin],1440,00:24:00,gitoxide,Radicle,get going with maybe-async,,Byron,,0.40
2021-05-06T14:56:00+02:00[Europe/Berlin],2021-05-06T15:11:00+02:00[Europe/Berlin],900,00:15:00,gitoxide,Byron,Finish transition to convenience API,,Byron,,0.25
2021-05-06T15:11:00+02:00[Europe/Berlin],2021-05-06T15:57:00+02:00[Europe/Berlin],2760,00:46:00,gitoxide,Radicle,"Before jumping onto async http, do research to the end to see what would be needed for quic support (or custom async transports for that matter)",,Byron,,0.77
2021-05-06T16:27:00+02:00[Europe/Berlin],2021-05-06T16:56:00+02:00[Europe/Berlin],1740,00:29:00,gitoxide,Radicle,More research regarding traits required to successfully write to a client.,,Byron,,0.48
2021-05-06T17:45:00+02:00[Europe/Berlin],2021-05-06T19:03:00+02:00[Europe/Berlin],4680,01:18:00,gitoxide,Byron,git-hours clone part 1,,Byron,,1.30
2021-05-06T21:30:00+02:00[Europe/Berlin],2021-05-06T22:55:00+02:00[Europe/Berlin],5100,01:25:00,gitoxide,Byron,git-hours clone is working (linux costs 185 years),,Byron,,1.42
2021-05-07T07:17:00+02:00[Europe/Berlin],2021-05-07T07:23:00+02:00[Europe/Berlin],360,00:06:00,maintenance,Byron,upgrade Rust,,Byron,,0.10
2021-05-07T07:23:00+02:00[Europe/Berlin],2021-05-07T07:35:00+02:00[Europe/Berlin],720,00:12:00,gitoxide,Byron,refactoring,,Byron,,0.20
2021-05-07T07:35:00+02:00[Europe/Berlin],2021-05-07T07:49:00+02:00[Europe/Berlin],840,00:14:00,maintenance,Byron,,,Byron,,0.23
2021-05-07T07:50:00+02:00[Europe/Berlin],2021-05-07T08:09:00+02:00[Europe/Berlin],1140,00:19:00,gitoxide,Byron,,,Byron,,0.32
2021-05-07T09:12:00+02:00[Europe/Berlin],2021-05-07T09:27:00+02:00[Europe/Berlin],900,00:15:00,gitoxide,Byron,git-hours with clap and —omit-pii flag,,Byron,,0.25
2021-05-07T10:42:00+02:00[Europe/Berlin],2021-05-07T11:31:00+02:00[Europe/Berlin],2940,00:49:00,gitoxide,Byron,Really make git-hours pretty,,Byron,,0.82
2021-05-07T11:36:00+02:00[Europe/Berlin],2021-05-07T11:54:00+02:00[Europe/Berlin],1080,00:18:00,gitoxide,Byron,git-hours discussion with more performance comparisions.,,Byron,,0.30
2021-05-07T11:55:00+02:00[Europe/Berlin],2021-05-07T12:04:00+02:00[Europe/Berlin],540,00:09:00,GitPython,Byron,https://github.com/Byron/gitoxide/issues/11#issuecomment-834047623,,Byron,,0.15
2021-05-07T12:05:00+02:00[Europe/Berlin],2021-05-07T12:21:00+02:00[Europe/Berlin],960,00:16:00,GitPython,Byron,https://github.com/gitpython-developers/GitPython/pull/1229,,Byron,,0.27
2021-05-07T12:53:00+02:00[Europe/Berlin],2021-05-07T14:13:00+02:00[Europe/Berlin],4800,01:20:00,gitoxide,Radicle,Understand how radicle client/daemon interact with libgit2 transports.,,Byron,,1.33
2021-05-07T14:25:00+02:00[Europe/Berlin],2021-05-07T14:59:00+02:00[Europe/Berlin],2040,00:34:00,gitoxide,Radicle,"I see, it’s a bit tangled. Smart transports in libgit2 (and how they relate to what’s currently there) is still a little bit of a riddle, but essentially an async server side is needed to make all this go away.",,Byron,,0.57
2021-05-07T15:03:00+02:00[Europe/Berlin],2021-05-07T15:08:00+02:00[Europe/Berlin],300,00:05:00,gitoxide,Byron,,,Byron,,0.08
2021-05-07T15:13:00+02:00[Europe/Berlin],2021-05-07T15:20:00+02:00[Europe/Berlin],420,00:07:00,gitoxide,Byron,,,Byron,,0.12
2021-05-07T15:20:00+02:00[Europe/Berlin],2021-05-07T15:23:00+02:00[Europe/Berlin],180,00:03:00,gitoxide,Radicle,Quick clarifications with Kim,,Byron,,0.05
2021-05-07T15:54:00+02:00[Europe/Berlin],2021-05-07T16:17:00+02:00[Europe/Berlin],1380,00:23:00,gitoxide,Byron,Better contributor count for git-hours,,Byron,,0.38
2021-05-07T21:47:00+02:00[Europe/Berlin],2021-05-07T21:58:00+02:00[Europe/Berlin],660,00:11:00,gitoxide,Byron,,,Byron,,0.18
2021-05-08T09:01:00+02:00[Europe/Berlin],2021-05-08T10:46:00+02:00[Europe/Berlin],6300,01:45:00,gitoxide,Byron,"git-hours and refactoring, prepping to make it a gix tool",,Byron,,1.75
2021-05-08T11:03:00+02:00[Europe/Berlin],2021-05-08T11:47:00+02:00[Europe/Berlin],2640,00:44:00,gitoxide,Byron,,,Byron,,0.73
2021-05-08T11:51:00+02:00[Europe/Berlin],2021-05-08T12:13:00+02:00[Europe/Berlin],1320,00:22:00,gitoxide,Byron,,,Byron,,0.37
2021-05-08T13:00:00+02:00[Europe/Berlin],2021-05-08T13:01:00+02:00[Europe/Berlin],60,00:01:00,maintenance,Byron,https://github.com/Byron/dua-cli/issues/89,,Byron,,0.02
2021-05-08T13:01:00+02:00[Europe/Berlin],2021-05-08T13:06:00+02:00[Europe/Berlin],300,00:05:00,gitoxide,Byron,https://github.com/Byron/gitoxide/issues/72,,Byron,,0.08
2021-05-08T13:15:00+02:00[Europe/Berlin],2021-05-08T13:44:00+02:00[Europe/Berlin],1740,00:29:00,gitoxide,Byron,Make ‘hours’ a proper ‘gix’ tool,,Byron,,0.48
2021-05-08T13:44:00+02:00[Europe/Berlin],2021-05-08T16:00:00+02:00[Europe/Berlin],8160,02:16:00,maintenance,Byron,Fix prodash bug and make it easier to configure.,,Byron,,2.27
2021-05-08T16:06:00+02:00[Europe/Berlin],2021-05-08T16:56:00+02:00[Europe/Berlin],3000,00:50:00,gitoxide,Byron,Integrate latest prodash so that ‘hours’ tool can be happy,,Byron,,0.83
2021-05-08T17:08:00+02:00[Europe/Berlin],2021-05-08T17:23:00+02:00[Europe/Berlin],900,00:15:00,gitoxide,Byron,https://github.com/Byron/gitoxide/issues/79,,Byron,,0.25
2021-05-08T17:28:00+02:00[Europe/Berlin],2021-05-08T17:43:00+02:00[Europe/Berlin],900,00:15:00,gitoxide,Byron,https://github.com/Byron/gitoxide/pull/80,,Byron,,0.25
2021-05-08T17:43:00+02:00[Europe/Berlin],2021-05-08T18:19:00+02:00[Europe/Berlin],2160,00:36:00,gitoxide,Byron,Start on https://github.com/Byron/gitoxide/pull/81,,Byron,,0.60
2021-05-08T21:16:00+02:00[Europe/Berlin],2021-05-08T22:02:00+02:00[Europe/Berlin],2760,00:46:00,gitoxide,Byron,review and merge https://github.com/Byron/gitoxide/pull/81,,Byron,,0.77
2021-05-08T22:02:00+02:00[Europe/Berlin],2021-05-08T22:38:00+02:00[Europe/Berlin],2160,00:36:00,gitoxide,Byron,Prepare auto-release capability - many crates come with a lot of work when releasing ;),,Byron,,0.60
2021-05-09T08:30:00+02:00[Europe/Berlin],2021-05-09T08:35:00+02:00[Europe/Berlin],300,00:05:00,GitPython,Byron,https://github.com/gitpython-developers/GitPython/pull/1232#pullrequestreview-655030531,,Byron,,0.08
2021-05-09T08:35:00+02:00[Europe/Berlin],2021-05-09T09:25:00+02:00[Europe/Berlin],3000,00:50:00,gitoxide,Byron,release automation; more perf tests and seek some help from community: https://github.com/Byron/gitoxide/pull/81,,Byron,,0.83
2021-05-09T09:25:00+02:00[Europe/Berlin],2021-05-09T10:19:00+02:00[Europe/Berlin],3240,00:54:00,gitoxide,Byron,,,Byron,,0.90
2021-05-09T13:56:00+02:00[Europe/Berlin],2021-05-09T14:40:00+02:00[Europe/Berlin],2640,00:44:00,gitoxide,Byron,release build works again,,Byron,,0.73
2021-05-09T14:40:00+02:00[Europe/Berlin],2021-05-09T15:33:00+02:00[Europe/Berlin],3180,00:53:00,gitoxide,Byron,release 0.7,,Byron,,0.88
2021-05-09T16:49:00+02:00[Europe/Berlin],2021-05-09T17:36:00+02:00[Europe/Berlin],2820,00:47:00,gitoxide,Byron,,,Byron,,0.78
2021-05-10T15:46:00+02:00[Europe/Berlin],2021-05-10T16:05:00+02:00[Europe/Berlin],1140,00:19:00,gitoxide,Byron,Reply reddit,,Byron,,0.32
2021-05-12T09:37:00+02:00[Europe/Berlin],2021-05-12T09:50:00+02:00[Europe/Berlin],780,00:13:00,GitPython,Byron,https://github.com/gitpython-developers/GitPython/issues/1233,,Byron,,0.22
2021-05-12T09:50:00+02:00[Europe/Berlin],2021-05-12T09:54:00+02:00[Europe/Berlin],240,00:04:00,GitPython,Byron,https://github.com/gitpython-developers/GitPython/pull/1232,,Byron,,0.07
2021-05-12T09:54:00+02:00[Europe/Berlin],2021-05-12T11:17:00+02:00[Europe/Berlin],4980,01:23:00,gitoxide,Byron,https://github.com/Byron/gitoxide/issues/83,,Byron,,1.38
2021-05-12T11:17:00+02:00[Europe/Berlin],2021-05-12T11:21:00+02:00[Europe/Berlin],240,00:04:00,gitoxide,Byron,https://github.com/Byron/gitoxide/issues/84,,Byron,,0.07
2021-05-12T11:46:00+02:00[Europe/Berlin],2021-05-12T12:07:00+02:00[Europe/Berlin],1260,00:21:00,gitoxide,Byron,fix CI,,Byron,,0.35
2021-05-12T12:34:00+02:00[Europe/Berlin],2021-05-12T12:56:00+02:00[Europe/Berlin],1320,00:22:00,gitoxide,Byron,https://github.com/Byron/gitoxide/issues/85,,Byron,,0.37
2021-05-12T12:56:00+02:00[Europe/Berlin],2021-05-12T13:02:00+02:00[Europe/Berlin],360,00:06:00,gitoxide,Byron,,,Byron,,0.10
2021-05-12T13:02:00+02:00[Europe/Berlin],2021-05-12T14:24:00+02:00[Europe/Berlin],4920,01:22:00,gitoxide,Radicle,re-evaluate goals and find and prepare a better way (i.e. get to what’s needed faster),,Byron,,1.37
2021-05-12T15:27:00+02:00[Europe/Berlin],2021-05-12T16:26:00+02:00[Europe/Berlin],3540,00:59:00,gitoxide,Radicle,"refactor git-transport so that everything is blocking and can become async in an incremental, non-breaking fashion.",,Byron,,0.98
2021-05-12T18:53:00+02:00[Europe/Berlin],2021-05-12T18:59:00+02:00[Europe/Berlin],360,00:06:00,gitoxide,Byron,https://github.com/Byron/gitoxide/issues/84,,Byron,,0.10
2021-05-13T09:40:00+02:00[Europe/Berlin],2021-05-13T09:48:00+02:00[Europe/Berlin],480,00:08:00,gitoxide,Byron,https://github.com/Byron/gitoxide/discussions/82#discussioncomment-730193,,Byron,,0.13
2021-05-13T09:48:00+02:00[Europe/Berlin],2021-05-13T10:00:00+02:00[Europe/Berlin],720,00:12:00,GitPython,Byron,https://github.com/gitpython-developers/GitPython/issues/1235,,Byron,,0.20
2021-05-13T10:00:00+02:00[Europe/Berlin],2021-05-13T10:26:00+02:00[Europe/Berlin],1560,00:26:00,GitPython,Byron,https://github.com/gitpython-developers/GitPython/pull/1234,,Byron,,0.43
2021-05-13T11:35:00+02:00[Europe/Berlin],2021-05-13T11:45:00+02:00[Europe/Berlin],600,00:10:00,GitPython,Byron,https://github.com/gitpython-developers/GitPython/issues/1223; https://github.com/gitpython-developers/GitPython/discussions/1237,,Byron,,0.17
2021-05-13T12:27:00+02:00[Europe/Berlin],2021-05-13T13:30:00+02:00[Europe/Berlin],3780,01:03:00,gitoxide,Radicle,All that’s needed to transform the simplest type to async/sync mixed mode.,,Byron,,1.05
2021-05-13T13:52:00+02:00[Europe/Berlin],2021-05-13T15:02:00+02:00[Europe/Berlin],4200,01:10:00,gitoxide,Radicle,`Capabilities` in shared code incl. tests with both feature toggles,,Byron,,1.17
2021-05-13T15:13:00+02:00[Europe/Berlin],2021-05-13T15:55:00+02:00[Europe/Berlin],2520,00:42:00,gitoxide,Radicle,The big git-packetline refactor - probably done,,Byron,,0.70
2021-05-13T16:21:00+02:00[Europe/Berlin],2021-05-13T16:58:00+02:00[Europe/Berlin],2220,00:37:00,gitoxide,Radicle,finish refactor,,Byron,,0.62
2021-05-13T18:58:00+02:00[Europe/Berlin],2021-05-13T19:07:00+02:00[Europe/Berlin],540,00:09:00,gitoxide,Radicle,Finish git-packetline refactor,,Byron,,0.15
2021-05-14T06:40:00+02:00[Europe/Berlin],2021-05-14T06:44:00+02:00[Europe/Berlin],240,00:04:00,GitPython,Byron,Yank release,,Byron,,0.07
2021-05-14T09:18:00+02:00[Europe/Berlin],2021-05-14T09:22:00+02:00[Europe/Berlin],240,00:04:00,GitPython,Byron,https://github.com/gitpython-developers/GitPython/issues/1238,,Byron,,0.07
2021-05-14T09:22:00+02:00[Europe/Berlin],2021-05-14T09:34:00+02:00[Europe/Berlin],720,00:12:00,GitPython,Byron,https://github.com/gitpython-developers/GitPython/discussions/1241,,Byron,,0.20
2021-05-14T09:35:00+02:00[Europe/Berlin],2021-05-14T10:03:00+02:00[Europe/Berlin],1680,00:28:00,gitoxide,Byron,Update pack gen story and task list; think about how the moving parts can deliver value faster,,Byron,,0.47
2021-05-14T10:11:00+02:00[Europe/Berlin],2021-05-14T10:39:00+02:00[Europe/Berlin],1680,00:28:00,gitoxide,Radicle,setup testing and feature toggles for first async implementation,,Byron,,0.47
2021-05-14T10:39:00+02:00[Europe/Berlin],2021-05-14T10:45:00+02:00[Europe/Berlin],360,00:06:00,GitPython,Byron,https://github.com/gitpython-developers/GitPython/issues/1238,,Byron,,0.10
2021-05-14T11:08:00+02:00[Europe/Berlin],2021-05-14T12:15:00+02:00[Europe/Berlin],4020,01:07:00,gitoxide,Radicle,The first test and beginning of asyncwrite impl; catch up on Pin/Unpin/Projections,,Byron,,1.12
2021-05-14T12:55:00+02:00[Europe/Berlin],2021-05-14T13:28:00+02:00[Europe/Berlin],1980,00:33:00,gitoxide,Radicle,"Another test in progress, which opens up even ore work.",,Byron,,0.55
2021-05-14T14:18:00+02:00[Europe/Berlin],2021-05-14T15:42:00+02:00[Europe/Berlin],5040,01:24:00,gitoxide,Radicle,basic packetline encoding in async. Realize that it takes more to create a Writer with aync write trait,,Byron,,1.40
2021-05-14T16:19:00+02:00[Europe/Berlin],2021-05-14T16:51:00+02:00[Europe/Berlin],1920,00:32:00,gitoxide,Radicle,try hard to implement asyncwrite without reimplementing all encoding… it seems self-referential structs now have to happen.,,Byron,,0.53
2021-05-15T09:12:00+02:00[Europe/Berlin],2021-05-15T09:13:00+02:00[Europe/Berlin],60,00:01:00,maintenance,Byron,,,Byron,,0.02
2021-05-15T09:13:00+02:00[Europe/Berlin],2021-05-15T09:19:00+02:00[Europe/Berlin],360,00:06:00,GitPython,Byron,https://github.com/gitpython-developers/GitPython/issues/1242,,Byron,,0.10
2021-05-15T09:20:00+02:00[Europe/Berlin],2021-05-15T09:28:00+02:00[Europe/Berlin],480,00:08:00,GitPython,Byron,https://github.com/gitpython-developers/GitPython/discussions/1241#discussioncomment-739580,,Byron,,0.13
2021-05-15T09:29:00+02:00[Europe/Berlin],2021-05-15T09:33:00+02:00[Europe/Berlin],240,00:04:00,GitPython,Byron,https://github.com/gitpython-developers/GitPython/issues/1243,,Byron,,0.07
2021-05-15T09:33:00+02:00[Europe/Berlin],2021-05-15T09:36:00+02:00[Europe/Berlin],180,00:03:00,Google APIs,Byron,https://github.com/Byron/google-apis-rs/discussions/283,,Byron,,0.05
2021-05-15T09:36:00+02:00[Europe/Berlin],2021-05-15T10:17:00+02:00[Europe/Berlin],2460,00:41:00,gitoxide,Radicle,Start implementing an async version of a line writer.,,Byron,,0.68
2021-05-15T10:38:00+02:00[Europe/Berlin],2021-05-15T11:33:00+02:00[Europe/Berlin],3300,00:55:00,gitoxide,Radicle,Finish line writer and see how that combines with the higher level one. Needs more work but it’s doable.,,Byron,,0.92
2021-05-15T12:43:00+02:00[Europe/Berlin],2021-05-15T14:14:00+02:00[Europe/Berlin],5460,01:31:00,gitoxide,Radicle,"Finally, unified async/blocking tests at last",,Byron,,1.52
2021-05-15T17:37:00+02:00[Europe/Berlin],2021-05-15T17:40:00+02:00[Europe/Berlin],180,00:03:00,gitoxide,Radicle,quick refactor,,Byron,,0.05
2021-05-15T17:51:00+02:00[Europe/Berlin],2021-05-15T18:29:00+02:00[Europe/Berlin],2280,00:38:00,gitoxide,Radicle,humming along,,Byron,,0.63
2021-05-15T18:40:00+02:00[Europe/Berlin],2021-05-15T18:45:00+02:00[Europe/Berlin],300,00:05:00,gitoxide,Radicle,It’s a wrap for the day,,Byron,,0.08
2021-05-16T09:34:00+02:00[Europe/Berlin],2021-05-16T09:48:00+02:00[Europe/Berlin],840,00:14:00,gitoxide,Byron,https://github.com/fMeow/maybe-async-rs/issues/8#issuecomment-841752210,,Byron,,0.23
2021-05-16T09:48:00+02:00[Europe/Berlin],2021-05-16T09:58:00+02:00[Europe/Berlin],600,00:10:00,GitPython,Byron,https://github.com/gitpython-developers/GitPython/pull/1244 - check permissions,,Byron,,0.17
2021-05-17T09:21:00+02:00[Europe/Berlin],2021-05-17T09:32:00+02:00[Europe/Berlin],660,00:11:00,gitoxide,Byron,https://github.com/fMeow/maybe-async-rs/issues/8#issuecomment-841918978,,Byron,,0.18
2021-05-17T09:33:00+02:00[Europe/Berlin],2021-05-17T09:45:00+02:00[Europe/Berlin],720,00:12:00,GitPython,Byron,https://github.com/gitpython-developers/GitPython/pull/1244,,Byron,,0.20
2021-05-17T10:09:00+02:00[Europe/Berlin],2021-05-17T11:17:00+02:00[Europe/Berlin],4080,01:08:00,gitoxide,Radicle,StreamingPeekIter in async,,Byron,,1.13
2021-05-17T13:03:00+02:00[Europe/Berlin],2021-05-17T14:46:00+02:00[Europe/Berlin],6180,01:43:00,gitoxide,Radicle,"Refactorings, the beginning of async sideband",,Byron,,1.72
2021-05-17T15:52:00+02:00[Europe/Berlin],2021-05-17T16:51:00+02:00[Europe/Berlin],3540,00:59:00,gitoxide,Radicle,Try to impl poll_fill_buf and fail many times,,Byron,,0.98
2021-05-17T17:51:00+02:00[Europe/Berlin],2021-05-17T17:52:00+02:00[Europe/Berlin],60,00:01:00,gitoxide,Radicle,,,Byron,,0.02
2021-05-17T21:45:00+02:00[Europe/Berlin],2021-05-17T22:16:00+02:00[Europe/Berlin],1860,00:31:00,gitoxide,Radicle,Try more options to solve future evaluation problem - there is a path,,Byron,,0.52
2021-05-18T08:28:00+02:00[Europe/Berlin],2021-05-18T08:30:00+02:00[Europe/Berlin],120,00:02:00,GitPython,Byron,https://github.com/gitpython-developers/GitPython/pull/1244,,Byron,,0.03
2021-05-18T08:34:00+02:00[Europe/Berlin],2021-05-18T08:54:00+02:00[Europe/Berlin],1200,00:20:00,gitoxide,Radicle,research alternatives in the hopes to find ‘the crate that prevents me from doing all the work’ - fail,,Byron,,0.33
2021-05-18T08:55:00+02:00[Europe/Berlin],2021-05-18T10:56:00+02:00[Europe/Berlin],7260,02:01:00,gitoxide,Radicle,FINALLY figure out how to poll a magic future from within a non-magical trait,,Byron,,2.02
2021-05-18T11:45:00+02:00[Europe/Berlin],2021-05-18T12:38:00+02:00[Europe/Berlin],3180,00:53:00,gitoxide,Radicle,"More tests for read_line, humming along.",,Byron,,0.88
2021-05-18T14:43:00+02:00[Europe/Berlin],2021-05-18T15:11:00+02:00[Europe/Berlin],1680,00:28:00,gitoxide,Radicle,finish translating tests,,Byron,,0.47
2021-05-18T15:23:00+02:00[Europe/Berlin],2021-05-18T16:22:00+02:00[Europe/Berlin],3540,00:59:00,gitoxide,Radicle,"Wrap up git-packetline, inform Kim about potential showcase and next steps.",,Byron,,0.98
2021-05-18T20:57:00+02:00[Europe/Berlin],2021-05-18T21:59:00+02:00[Europe/Berlin],3720,01:02:00,gitoxide,Radicle,Show & Tell: git-packetline + async journey,,Byron,,1.03
2021-05-19T08:38:00+02:00[Europe/Berlin],2021-05-19T09:05:00+02:00[Europe/Berlin],1620,00:27:00,gitoxide,Byron,,,Byron,,0.45
2021-05-19T09:14:00+02:00[Europe/Berlin],2021-05-19T10:13:00+02:00[Europe/Berlin],3540,00:59:00,gitoxide,Byron,a test to validate new traversal modes,,Byron,,0.98
2021-05-19T11:01:00+02:00[Europe/Berlin],2021-05-19T12:16:00+02:00[Europe/Berlin],4500,01:15:00,gitoxide,Byron,tree traversal for pack-gen,,Byron,,1.25
2021-05-19T13:17:00+02:00[Europe/Berlin],2021-05-19T13:59:00+02:00[Europe/Berlin],2520,00:42:00,gitoxide,Byron,Remind myself that object-caches don’t do anything for properly implemented additive tree traversals,,Byron,,0.70
2021-05-20T07:55:00+02:00[Europe/Berlin],2021-05-20T08:03:00+02:00[Europe/Berlin],480,00:08:00,GitPython,Byron,https://github.com/gitpython-developers/GitPython/discussions/1246#discussioncomment-760120,,Byron,,0.13
2021-05-20T08:11:00+02:00[Europe/Berlin],2021-05-20T08:54:00+02:00[Europe/Berlin],2580,00:43:00,gitoxide,Byron,,,Byron,,0.72
2021-05-20T08:58:00+02:00[Europe/Berlin],2021-05-20T09:57:00+02:00[Europe/Berlin],3540,00:59:00,gitoxide,Byron,changes based pack-gen,,Byron,,0.98
2021-05-20T09:57:00+02:00[Europe/Berlin],2021-05-20T11:28:00+02:00[Europe/Berlin],5460,01:31:00,gitoxide,Byron,,,Byron,,1.52
2021-05-20T11:40:00+02:00[Europe/Berlin],2021-05-20T12:07:00+02:00[Europe/Berlin],1620,00:27:00,gitoxide,Byron,Everything works in pack-gen land. I wonder if multiple traversal modes make sense even.,,Byron,,0.45
2021-05-20T13:18:00+02:00[Europe/Berlin],2021-05-20T14:32:00+02:00[Europe/Berlin],4440,01:14:00,gitoxide,Byron,prepare support for Tag handling,,Byron,,1.23
2021-05-20T14:57:00+02:00[Europe/Berlin],2021-05-20T15:26:00+02:00[Europe/Berlin],1740,00:29:00,gitoxide,Byron,TagIteration along with tag resolution in pack-gen,,Byron,,0.48
2021-05-20T15:46:00+02:00[Europe/Berlin],2021-05-20T17:17:00+02:00[Europe/Berlin],5460,01:31:00,gitoxide,Byron,start on pack-gen command just to see that a refactoring really will be required.,,Byron,,1.52
2021-05-21T07:27:00+02:00[Europe/Berlin],2021-05-21T07:43:00+02:00[Europe/Berlin],960,00:16:00,GitPython,Byron,https://github.com/gitpython-developers/GitPython/issues/1247,,Byron,,0.27
2021-05-21T07:43:00+02:00[Europe/Berlin],2021-05-21T07:47:00+02:00[Europe/Berlin],240,00:04:00,GitPython,Byron,https://github.com/gitpython-developers/GitPython/issues/1233,,Byron,,0.07
2021-05-21T07:48:00+02:00[Europe/Berlin],2021-05-21T08:00:00+02:00[Europe/Berlin],720,00:12:00,gitoxide,Byron,try cargo-deny,,Byron,,0.20
2021-05-21T08:58:00+02:00[Europe/Berlin],2021-05-21T09:46:00+02:00[Europe/Berlin],2880,00:48:00,gitoxide,Byron,"research option to not include amount of objects in pack, but there is not way really.",,Byron,,0.80
2021-05-21T10:40:00+02:00[Europe/Berlin],2021-05-21T11:31:00+02:00[Europe/Berlin],3060,00:51:00,gitoxide,Byron,first version of the counting stage. The following stage will need some refactoring.,,Byron,,0.85
2021-05-21T12:05:00+02:00[Europe/Berlin],2021-05-21T14:10:00+02:00[Europe/Berlin],7500,02:05:00,gitoxide,Byron,,,Byron,,2.08
2021-05-21T14:31:00+02:00[Europe/Berlin],2021-05-21T16:54:00+02:00[Europe/Berlin],8580,02:23:00,gitoxide,Byron,Actually the first humble version of a pack generator,,Byron,,2.38
2021-05-21T22:00:00+02:00[Europe/Berlin],2021-05-21T23:22:00+02:00[Europe/Berlin],4920,01:22:00,gitoxide,Byron,perf tests and pretty tui support,,Byron,,1.37
2021-05-22T08:44:00+02:00[Europe/Berlin],2021-05-22T08:57:00+02:00[Europe/Berlin],780,00:13:00,GitPython,Byron,https://github.com/gitpython-developers/GitPython/issues/1247,,Byron,,0.22
2021-05-22T08:57:00+02:00[Europe/Berlin],2021-05-22T09:05:00+02:00[Europe/Berlin],480,00:08:00,GitPython,Byron,https://github.com/gitpython-developers/GitPython/pull/1248,,Byron,,0.13
2021-05-22T09:05:00+02:00[Europe/Berlin],2021-05-22T09:11:00+02:00[Europe/Berlin],360,00:06:00,GitPython,Byron,https://github.com/gitpython-developers/GitPython/discussions/1250,,Byron,,0.10
2021-05-22T09:55:00+02:00[Europe/Berlin],2021-05-22T10:10:00+02:00[Europe/Berlin],900,00:15:00,maintenance,Byron,open source timesheets,,Byron,,0.25
2021-05-22T10:11:00+02:00[Europe/Berlin],2021-05-22T10:23:00+02:00[Europe/Berlin],720,00:12:00,gitoxide,Byron,https://github.com/Byron/gitoxide/projects/1#card-61544186,,Byron,,0.20
2021-05-23T08:47:00+02:00[Europe/Berlin],2021-05-23T08:50:00+02:00[Europe/Berlin],180,00:03:00,GitPython,Byron,https://github.com/gitpython-developers/GitPython/discussions/1252,,Byron,,0.05
2021-05-23T08:50:00+02:00[Europe/Berlin],2021-05-23T08:58:00+02:00[Europe/Berlin],480,00:08:00,GitPython,Byron,https://github.com/the-lean-crate/criner/issues/1,,Byron,,0.13
2021-05-23T08:58:00+02:00[Europe/Berlin],2021-05-23T09:17:00+02:00[Europe/Berlin],1140,00:19:00,gitoxide,Byron,https://github.com/Byron/gitoxide/pull/88,,Byron,,0.32
2021-05-23T09:17:00+02:00[Europe/Berlin],2021-05-23T09:20:00+02:00[Europe/Berlin],180,00:03:00,gitoxide,Byron,Plan new work block,,Byron,,0.05
2021-05-24T08:43:00+02:00[Europe/Berlin],2021-05-24T09:10:00+02:00[Europe/Berlin],1620,00:27:00,gitoxide,Byron,https://github.com/Byron/gitoxide/discussions/91,,Byron,,0.45
2021-05-24T09:11:00+02:00[Europe/Berlin],2021-05-24T09:32:00+02:00[Europe/Berlin],1260,00:21:00,gitoxide,Byron,‘sha1’ feature toggle,,Byron,,0.35
2021-05-24T14:26:00+02:00[Europe/Berlin],2021-05-24T14:57:00+02:00[Europe/Berlin],1860,00:31:00,gitoxide,Byron,refactor git-features for more control over dependencies,,Byron,,0.52
2021-05-24T14:57:00+02:00[Europe/Berlin],2021-05-24T15:12:00+02:00[Europe/Berlin],900,00:15:00,gitoxide,Byron,prepare work on git-ref,,Byron,,0.25
2021-05-24T15:25:00+02:00[Europe/Berlin],2021-05-24T16:42:00+02:00[Europe/Berlin],4620,01:17:00,gitoxide,Byron,refactor git-odb,,Byron,,1.28
2021-05-24T17:03:00+02:00[Europe/Berlin],2021-05-24T17:12:00+02:00[Europe/Berlin],540,00:09:00,gitoxide,Byron,,,Byron,,0.15
2021-05-24T17:41:00+02:00[Europe/Berlin],2021-05-24T18:28:00+02:00[Europe/Berlin],2820,00:47:00,gitoxide,Byron,zlib-ng in git-features makes progress but shows some teeth,,Byron,,0.78
2021-05-24T19:17:00+02:00[Europe/Berlin],2021-05-24T21:40:00+02:00[Europe/Berlin],8580,02:23:00,gitoxide,Byron,split zlib and zlib backend support,,Byron,,2.38
2021-05-24T22:02:00+02:00[Europe/Berlin],2021-05-24T22:46:00+02:00[Europe/Berlin],2640,00:44:00,gitoxide,Byron,git-pack initial release,,Byron,,0.73
2021-05-25T08:20:00+02:00[Europe/Berlin],2021-05-25T08:34:00+02:00[Europe/Berlin],840,00:14:00,gitoxide,Byron,https://github.com/Byron/gitoxide/discussions/93,,Byron,,0.23
2021-05-25T09:56:00+02:00[Europe/Berlin],2021-05-25T10:03:00+02:00[Europe/Berlin],420,00:07:00,gitoxide,Byron,Invite Conor Davis: https://github.com/Byron/gitoxide/pull/88#issuecomment-847474313,,Byron,,0.12
2021-05-25T10:03:00+02:00[Europe/Berlin],2021-05-25T10:34:00+02:00[Europe/Berlin],1860,00:31:00,GitPython,Byron,https://github.com/gitpython-developers/GitPython/pull/1254 (with distractions),,Byron,,0.52
2021-05-25T10:36:00+02:00[Europe/Berlin],2021-05-25T12:43:00+02:00[Europe/Berlin],7620,02:07:00,gitoxide,Byron,"git-pack as separate crate, nearly there.",,Byron,,2.12
2021-05-25T13:36:00+02:00[Europe/Berlin],2021-05-25T13:43:00+02:00[Europe/Berlin],420,00:07:00,GitPython,Byron,https://github.com/gitpython-developers/GitPython/pull/1254#issuecomment-847510474,,Byron,,0.12
2021-05-25T13:43:00+02:00[Europe/Berlin],2021-05-25T14:48:00+02:00[Europe/Berlin],3900,01:05:00,gitoxide,Byron,Another git-pack release,,Byron,,1.08
2021-05-25T15:30:00+02:00[Europe/Berlin],2021-05-25T15:50:00+02:00[Europe/Berlin],1200,00:20:00,gitoxide,Byron,look into git-mit to realize it could soon use gitoxide instead of git2,,Byron,,0.33
2021-05-25T15:58:00+02:00[Europe/Berlin],2021-05-25T16:55:00+02:00[Europe/Berlin],3420,00:57:00,gitoxide,Byron,"Get back into nom parsing, collect existing knowledge and sketch things",,Byron,,0.95
2021-05-26T07:20:00+02:00[Europe/Berlin],2021-05-26T07:23:00+02:00[Europe/Berlin],180,00:03:00,gitoxide,Byron,,,Byron,,0.05
2021-05-26T07:32:00+02:00[Europe/Berlin],2021-05-26T07:37:00+02:00[Europe/Berlin],300,00:05:00,GitPython,Byron,https://github.com/gitpython-developers/GitPython/pull/1254,,Byron,,0.08
2021-05-26T08:41:00+02:00[Europe/Berlin],2021-05-26T08:47:00+02:00[Europe/Berlin],360,00:06:00,gitoxide,Byron,accounting update,,Byron,,0.10
2021-05-26T08:47:00+02:00[Europe/Berlin],2021-05-26T11:32:00+02:00[Europe/Berlin],9900,02:45:00,gitoxide,Byron,Basics of loose ref parsing,,Byron,,2.75
2021-05-26T11:59:00+02:00[Europe/Berlin],2021-05-26T12:21:00+02:00[Europe/Berlin],1320,00:22:00,gitoxide,Byron,"figure out what git does with newlines, but it probably just ignores them",,Byron,,0.37
2021-05-26T12:56:00+02:00[Europe/Berlin],2021-05-26T14:09:00+02:00[Europe/Berlin],4380,01:13:00,gitoxide,Byron,,,Byron,,1.22
2021-05-26T16:07:00+02:00[Europe/Berlin],2021-05-26T16:20:00+02:00[Europe/Berlin],780,00:13:00,maintenance,Byron,,,Byron,,0.22
2021-05-26T16:20:00+02:00[Europe/Berlin],2021-05-26T16:54:00+02:00[Europe/Berlin],2040,00:34:00,gitoxide,Byron,More tests for ref validation,,Byron,,0.57
2021-05-26T21:25:00+02:00[Europe/Berlin],2021-05-26T22:33:00+02:00[Europe/Berlin],4080,01:08:00,gitoxide,Byron,Closer to implementing ‘loose::Store::find_one()’,,Byron,,1.13
2021-05-27T07:52:00+02:00[Europe/Berlin],2021-05-27T07:57:00+02:00[Europe/Berlin],300,00:05:00,gitoxide,Radicle,A comment regarding reftables: https://github.com/Byron/gitoxide/issues/90#issuecomment-849196518,,Byron,,0.08
2021-05-27T07:57:00+02:00[Europe/Berlin],2021-05-27T08:01:00+02:00[Europe/Berlin],240,00:04:00,gitoxide,Byron,https://github.com/gitpython-developers/GitPython/discussions/1256?converting=1,,Byron,,0.07
2021-05-27T08:04:00+02:00[Europe/Berlin],2021-05-27T08:59:00+02:00[Europe/Berlin],3300,00:55:00,gitoxide,Byron,more find_one,,Byron,,0.92
2021-05-27T09:15:00+02:00[Europe/Berlin],2021-05-27T11:34:00+02:00[Europe/Berlin],8340,02:19:00,gitoxide,Byron,finsh Store::find and start peeling,,Byron,,2.32
2021-05-27T12:47:00+02:00[Europe/Berlin],2021-05-27T13:26:00+02:00[Europe/Berlin],2340,00:39:00,gitoxide,Byron,finish peel testing,,Byron,,0.65
2021-05-27T13:55:00+02:00[Europe/Berlin],2021-05-27T14:29:00+02:00[Europe/Berlin],2040,00:34:00,gitoxide,Byron,,,Byron,,0.57
2021-05-27T15:00:00+02:00[Europe/Berlin],2021-05-27T16:02:00+02:00[Europe/Berlin],3720,01:02:00,gitoxide,Byron,wrap up git-ref docs,,Byron,,1.03
2021-05-27T16:24:00+02:00[Europe/Berlin],2021-05-27T16:53:00+02:00[Europe/Berlin],1740,00:29:00,gitoxide,Byron,discover sketch,,Byron,,0.48
2021-05-27T18:52:00+02:00[Europe/Berlin],2021-05-27T20:35:00+02:00[Europe/Berlin],6180,01:43:00,gitoxide,Byron,repository discovery,,Byron,,1.72
2021-05-27T21:14:00+02:00[Europe/Berlin],2021-05-27T23:21:00+02:00[Europe/Berlin],7620,02:07:00,gitoxide,Byron,,,Byron,,2.12
2021-05-27T23:30:00+02:00[Europe/Berlin],2021-05-27T23:57:00+02:00[Europe/Berlin],1620,00:27:00,gitoxide,Byron,,,Byron,,0.45
2021-05-28T07:39:00+02:00[Europe/Berlin],2021-05-28T07:43:00+02:00[Europe/Berlin],240,00:04:00,GitPython,Byron,https://github.com/gitpython-developers/GitPython/discussions/1257,,Byron,,0.07
2021-05-28T07:43:00+02:00[Europe/Berlin],2021-05-28T08:17:00+02:00[Europe/Berlin],2040,00:34:00,gitoxide,Byron,,,Byron,,0.57
2021-05-28T09:00:00+02:00[Europe/Berlin],2021-05-28T10:51:00+02:00[Europe/Berlin],6660,01:51:00,gitoxide,Byron,,,Byron,,1.85
2021-05-28T11:30:00+02:00[Europe/Berlin],2021-05-28T12:20:00+02:00[Europe/Berlin],3000,00:50:00,gitoxide,Byron,,,Byron,,0.83
2021-05-28T12:40:00+02:00[Europe/Berlin],2021-05-28T14:20:00+02:00[Europe/Berlin],6000,01:40:00,gitoxide,Byron,https://github.com/Byron/gitoxide/issues/90,,Byron,,1.67
2021-05-28T14:38:00+02:00[Europe/Berlin],2021-05-28T15:15:00+02:00[Europe/Berlin],2220,00:37:00,gitoxide,Byron,wrap up previous work block.,,Byron,,0.62
2021-05-28T15:45:00+02:00[Europe/Berlin],2021-05-28T16:55:00+02:00[Europe/Berlin],4200,01:10:00,gitoxide,Byron,research packed refs,,Byron,,1.17
2021-05-29T10:09:00+02:00[Europe/Berlin],2021-05-29T10:12:00+02:00[Europe/Berlin],180,00:03:00,maintenance,Byron,https://github.com/Byron/google-apis-rs/discussions/285?converting=1,,Byron,,0.05
2021-05-29T10:15:00+02:00[Europe/Berlin],2021-05-29T10:24:00+02:00[Europe/Berlin],540,00:09:00,maintenance,Byron,https://github.com/KSXGitHub/parallel-disk-usage/pull/14,,Byron,,0.15
2021-05-29T11:20:00+02:00[Europe/Berlin],2021-05-29T11:34:00+02:00[Europe/Berlin],840,00:14:00,maintenance,Byron,https://github.com/KSXGitHub/parallel-disk-usage/pull/14#issuecomment-850761519,,Byron,,0.23
2021-05-29T11:34:00+02:00[Europe/Berlin],2021-05-29T12:42:00+02:00[Europe/Berlin],4080,01:08:00,maintenance,Byron,dua: enumeration count,,Byron,,1.13
2021-05-29T13:04:00+02:00[Europe/Berlin],2021-05-29T14:17:00+02:00[Europe/Berlin],4380,01:13:00,maintenance,Byron,dua performance testing; definitely not a good way to spend time,,Byron,,1.22
2021-05-29T14:31:00+02:00[Europe/Berlin],2021-05-29T14:55:00+02:00[Europe/Berlin],1440,00:24:00,maintenance,Byron,https://github.com/jessegrosjean/jwalk/issues/30,,Byron,,0.40
2021-05-30T10:46:00+02:00[Europe/Berlin],2021-05-30T11:27:00+02:00[Europe/Berlin],2460,00:41:00,maintenance,Byron,Dua cli,,Byron,,0.68
2021-05-30T16:29:00+02:00[Europe/Berlin],2021-05-30T19:40:00+02:00[Europe/Berlin],11460,03:11:00,maintenance,Byron,https://github.com/jessegrosjean/jwalk/issues/30,,Byron,,3.18
2021-05-31T07:23:00+02:00[Europe/Berlin],2021-05-31T07:56:00+02:00[Europe/Berlin],1980,00:33:00,maintenance,Byron,dua + criner,,Byron,,0.55
2021-05-31T07:57:00+02:00[Europe/Berlin],2021-05-31T08:00:00+02:00[Europe/Berlin],180,00:03:00,GitPython,Byron,https://github.com/gitpython-developers/GitPython/discussions/1258,,Byron,,0.05
2021-05-31T08:00:00+02:00[Europe/Berlin],2021-05-31T08:07:00+02:00[Europe/Berlin],420,00:07:00,GitPython,Byron,https://github.com/gitpython-developers/GitPython/issues/1259,,Byron,,0.12
2021-05-31T09:32:00+02:00[Europe/Berlin],2021-05-31T09:52:00+02:00[Europe/Berlin],1200,00:20:00,gitoxide,Radicle,get back into git-transport,,Byron,,0.33
2021-05-31T19:05:00+02:00[Europe/Berlin],2021-05-31T19:46:00+02:00[Europe/Berlin],2460,00:41:00,gitoxide,Radicle,git-transport client refactor to aid asyncification,,Byron,,0.68
2021-05-31T19:52:00+02:00[Europe/Berlin],2021-05-31T20:37:00+02:00[Europe/Berlin],2700,00:45:00,gitoxide,Radicle,Just right to were async traits come into play,,Byron,,0.75
2021-05-31T21:05:00+02:00[Europe/Berlin],2021-05-31T21:26:00+02:00[Europe/Berlin],1260,00:21:00,gitoxide,Radicle,The fist async trait,,Byron,,0.35
2021-06-01T09:31:00+02:00[Europe/Berlin],2021-06-01T11:16:00+02:00[Europe/Berlin],6300,01:45:00,maintenance,Byron,Solve the `dua` M1/pdu performance puzzle,,Byron,,1.75
2021-06-02T13:33:00+02:00[Europe/Berlin],2021-06-02T14:23:00+02:00[Europe/Berlin],3000,00:50:00,gitoxide,Radicle,"Try to port ExtendedBufRead, stuck on unsafe quick&dirty implementation performed in git-packetline.",,Byron,,0.83
2021-06-02T14:48:00+02:00[Europe/Berlin],2021-06-02T15:46:00+02:00[Europe/Berlin],3480,00:58:00,gitoxide,Radicle,"Research `Send` and *mut _; Get ExtendedBufRead to work, see Request isn’t quite there yet.",,Byron,,0.97
2021-06-02T15:46:00+02:00[Europe/Berlin],2021-06-02T16:44:00+02:00[Europe/Berlin],3480,00:58:00,gitoxide,Radicle,"Finish async RequestWriter, the prerequisite for finishing the Transport trait.",,Byron,,0.97
2021-06-02T20:13:00+02:00[Europe/Berlin],2021-06-02T21:38:00+02:00[Europe/Berlin],5100,01:25:00,gitoxide,Radicle,Get very close to testing an async git connection.,,Byron,,1.42
2021-06-03T08:43:00+02:00[Europe/Berlin],2021-06-03T08:58:00+02:00[Europe/Berlin],900,00:15:00,maintenance,Byron,https://github.com/Byron/dua-cli/issues/92,,Byron,,0.25
2021-06-03T08:58:00+02:00[Europe/Berlin],2021-06-03T09:05:00+02:00[Europe/Berlin],420,00:07:00,GitPython,Byron,https://github.com/gitpython-developers/GitPython/issues/1261,,Byron,,0.12
2021-06-03T09:05:00+02:00[Europe/Berlin],2021-06-03T09:16:00+02:00[Europe/Berlin],660,00:11:00,GitPython,Byron,https://github.com/gitpython-developers/GitPython/issues/1262,,Byron,,0.18
2021-06-03T09:19:00+02:00[Europe/Berlin],2021-06-03T10:10:00+02:00[Europe/Berlin],3060,00:51:00,gitoxide,Radicle,Capabilities complete,,Byron,,0.85
2021-06-03T10:12:00+02:00[Europe/Berlin],2021-06-03T11:00:00+02:00[Europe/Berlin],2880,00:48:00,gitoxide,Radicle,protocol V1 tests in async,,Byron,,0.80
2021-06-03T16:07:00+02:00[Europe/Berlin],2021-06-03T16:56:00+02:00[Europe/Berlin],2940,00:49:00,gitoxide,Radicle,"Actually read/decode the pack in git tests to be very, very sure it works both in blocking and async mode",,Byron,,0.82
2021-06-03T20:52:00+02:00[Europe/Berlin],2021-06-03T20:58:00+02:00[Europe/Berlin],360,00:06:00,gitoxide,Radicle,Finish futures-io PR to get a release,,Byron,,0.10
2021-06-04T08:29:00+02:00[Europe/Berlin],2021-06-04T08:38:00+02:00[Europe/Berlin],540,00:09:00,maintenance,Byron,https://github.com/Byron/dua-cli/issues/93,,Byron,,0.15
2021-06-04T09:30:00+02:00[Europe/Berlin],2021-06-04T10:22:00+02:00[Europe/Berlin],3120,00:52:00,maintenance,Byron,https://github.com/Byron/pulldown-cmark-to-cmark/issues/25,,Byron,,0.87
2021-06-04T10:22:00+02:00[Europe/Berlin],2021-06-04T10:46:00+02:00[Europe/Berlin],1440,00:24:00,GitPython,Byron,https://github.com/gitpython-developers/GitPython/pull/1264,,Byron,,0.40
2021-06-04T11:06:00+02:00[Europe/Berlin],2021-06-04T11:52:00+02:00[Europe/Berlin],2760,00:46:00,gitoxide,Radicle,Transport V2 in async. This seems to conclude the git-transport crate.,,Byron,,0.77
2021-06-04T11:56:00+02:00[Europe/Berlin],2021-06-04T12:02:00+02:00[Europe/Berlin],360,00:06:00,gitoxide,Radicle,"Share improvements with Kim, try to get back in touch.",,Byron,,0.10
2021-06-04T13:06:00+02:00[Europe/Berlin],2021-06-04T13:13:00+02:00[Europe/Berlin],420,00:07:00,maintenance,Byron,"check pdu benchmark results, README seems stale but it also doesn’t matter as dua is unreasonably slow in these for some reason.",,Byron,,0.12
2021-06-04T13:14:00+02:00[Europe/Berlin],2021-06-04T13:43:00+02:00[Europe/Berlin],1740,00:29:00,maintenance,Byron,https://github.com/KSXGitHub/parallel-disk-usage/pull/14#issuecomment-854375371,,Byron,,0.48
2021-06-04T13:43:00+02:00[Europe/Berlin],2021-06-04T14:09:00+02:00[Europe/Berlin],1560,00:26:00,gitoxide,Radicle,get started with git-protocol asyncification,,Byron,,0.43
2021-06-04T14:18:00+02:00[Europe/Berlin],2021-06-04T16:29:00+02:00[Europe/Berlin],7860,02:11:00,gitoxide,Radicle,Experiment with async(async -> blocking) and share thoughts with Kim.,,Byron,,2.18
2021-06-04T16:51:00+02:00[Europe/Berlin],2021-06-04T17:04:00+02:00[Europe/Berlin],780,00:13:00,gitoxide,Radicle,"Start splitting out git-protocol code into non-io, and blocking io for stepwise async transformation",,Byron,,0.22
2021-06-05T09:10:00+02:00[Europe/Berlin],2021-06-05T09:22:00+02:00[Europe/Berlin],720,00:12:00,maintenance,Byron,criner waste report gc and branch change to main. Don’t push from other machines is the lesson learned here.,,Byron,,0.20
2021-06-05T09:29:00+02:00[Europe/Berlin],2021-06-05T09:40:00+02:00[Europe/Berlin],660,00:11:00,maintenance,Byron,https://github.com/KSXGitHub/parallel-disk-usage/pull/14#issuecomment-855163789,,Byron,,0.18
2021-06-05T09:40:00+02:00[Europe/Berlin],2021-06-05T09:57:00+02:00[Europe/Berlin],1020,00:17:00,maintenance,Byron,https://github.com/KSXGitHub/parallel-disk-usage/pull/14#issuecomment-855165681,,Byron,,0.28
2021-06-05T10:12:00+02:00[Europe/Berlin],2021-06-05T10:18:00+02:00[Europe/Berlin],360,00:06:00,GitPython,Byron,https://github.com/gitpython-developers/GitPython/discussions/1266?converting=1#discussioncomment-828047,,Byron,,0.10
2021-06-05T10:19:00+02:00[Europe/Berlin],2021-06-05T10:46:00+02:00[Europe/Berlin],1620,00:27:00,gitoxide,Radicle,Move all ‘fetch’ related code of git-protocol into blocking-io for step-wise asyncification,,Byron,,0.45
2021-06-05T10:47:00+02:00[Europe/Berlin],2021-06-05T11:22:00+02:00[Europe/Berlin],2100,00:35:00,maintenance,Byron,https://github.com/Byron/dua-cli/issues/93,,Byron,,0.58
2021-06-05T17:35:00+02:00[Europe/Berlin],2021-06-05T19:23:00+02:00[Europe/Berlin],6480,01:48:00,gitoxide,Radicle,async arguments and command + tests + cleanup,,Byron,,1.80
2021-06-05T20:12:00+02:00[Europe/Berlin],2021-06-05T20:47:00+02:00[Europe/Berlin],2100,00:35:00,gitoxide,Radicle,"Async refs, peek into what’s next (and call it a day ;))",,Byron,,0.58
2021-06-05T20:48:00+02:00[Europe/Berlin],2021-06-05T22:18:00+02:00[Europe/Berlin],5400,01:30:00,GitPython,Byron,https://github.com/gitpython-developers/GitPython/pull/1267 with childcare mixed in,,Byron,,1.50
2021-06-06T07:34:00+02:00[Europe/Berlin],2021-06-06T07:45:00+02:00[Europe/Berlin],660,00:11:00,maintenance,Byron,criner,,Byron,,0.18
2021-06-06T08:01:00+02:00[Europe/Berlin],2021-06-06T08:52:00+02:00[Europe/Berlin],3060,00:51:00,maintenance,Byron,https://github.com/the-lean-crate/criner/issues/6,,Byron,,0.85
2021-06-06T21:43:00+02:00[Europe/Berlin],2021-06-06T21:46:00+02:00[Europe/Berlin],180,00:03:00,GitPython,Byron,,,Byron,,0.05
2021-06-07T07:40:00+02:00[Europe/Berlin],2021-06-07T07:51:00+02:00[Europe/Berlin],660,00:11:00,GitPython,Byron,https://github.com/gitpython-developers/GitPython/pull/1267#issuecomment-855484054,,Byron,,0.18
2021-06-07T07:52:00+02:00[Europe/Berlin],2021-06-07T08:04:00+02:00[Europe/Berlin],720,00:12:00,maintenance,Byron,https://github.com/Byron/google-apis-rs/pull/286,,Byron,,0.20
2021-06-07T08:04:00+02:00[Europe/Berlin],2021-06-07T08:24:00+02:00[Europe/Berlin],1200,00:20:00,maintenance,Byron,research how M1 can be distinguished,,Byron,,0.33
2021-06-07T09:21:00+02:00[Europe/Berlin],2021-06-07T09:43:00+02:00[Europe/Berlin],1320,00:22:00,maintenance,Byron,teach dua-cli to be specific when guessing the amount of default threads on apple silicon,,Byron,,0.37
2021-06-07T09:43:00+02:00[Europe/Berlin],2021-06-07T10:04:00+02:00[Europe/Berlin],1260,00:21:00,maintenance,Byron,"See if there are (now) ways to easily determine the amount of fast cores (no), and once again compare dua with du, making it appears inefficient (6x power for 2x speedup), 1.5x slower than du when used with a single thread.",,Byron,,0.35
2021-06-07T10:05:00+02:00[Europe/Berlin],2021-06-07T10:42:00+02:00[Europe/Berlin],2220,00:37:00,gitoxide,Radicle,Get started with Response,,Byron,,0.62
2021-06-07T10:52:00+02:00[Europe/Berlin],2021-06-07T11:18:00+02:00[Europe/Berlin],1560,00:26:00,gitoxide,Radicle,async response,,Byron,,0.43
2021-06-07T13:45:00+02:00[Europe/Berlin],2021-06-07T16:57:00+02:00[Europe/Berlin],11520,03:12:00,gitoxide,Radicle,fetch for git-protocol using maybe-async; lots of refactoring; tests are nearly compiling/working.,,Byron,,3.20
2021-06-07T20:38:00+02:00[Europe/Berlin],2021-06-07T21:42:00+02:00[Europe/Berlin],3840,01:04:00,gitoxide,Radicle,asyc git-protocol done,,Byron,,1.07
2021-06-08T08:57:00+02:00[Europe/Berlin],2021-06-08T10:00:00+02:00[Europe/Berlin],3780,01:03:00,maintenance,Byron,https://github.com/Byron/dua-cli/issues/87; plenty of distractions though,,Byron,,1.05
2021-06-08T11:09:00+02:00[Europe/Berlin],2021-06-08T11:28:00+02:00[Europe/Berlin],1140,00:19:00,gitoxide,Radicle,cleanup and refactor,,Byron,,0.32
2021-06-08T11:41:00+02:00[Europe/Berlin],2021-06-08T12:03:00+02:00[Europe/Berlin],1320,00:22:00,gitoxide,Radicle,prepare journey tests to test yet another version of the gix plumbing (an async one),,Byron,,0.37
2021-06-08T14:29:00+02:00[Europe/Berlin],2021-06-08T16:59:00+02:00[Europe/Berlin],9000,02:30:00,gitoxide,Radicle,Nearly at the point where an async client can be build in the CLI,,Byron,,2.50
2021-06-08T19:35:00+02:00[Europe/Berlin],2021-06-08T20:58:00+02:00[Europe/Berlin],4980,01:23:00,gitoxide,Radicle,async ls-remote 🎉,,Byron,,1.38
2021-06-09T10:11:00+02:00[Europe/Berlin],2021-06-09T11:55:00+02:00[Europe/Berlin],6240,01:44:00,gitoxide,Radicle,Work on unblocking the entire fetch operation (step by step). It seems easier to just unblock the whole thing though.,,Byron,,1.73
2021-06-09T12:48:00+02:00[Europe/Berlin],2021-06-09T15:59:00+02:00[Europe/Berlin],11460,03:11:00,gitoxide,Radicle,After some trial and some failures the async prototype program is fully implemented and working.,,Byron,,3.18
2021-06-09T16:29:00+02:00[Europe/Berlin],2021-06-09T16:34:00+02:00[Europe/Berlin],300,00:05:00,gitoxide,Radicle,Invite Kim for review,,Byron,,0.08
2021-06-09T16:41:00+02:00[Europe/Berlin],2021-06-09T16:50:00+02:00[Europe/Berlin],540,00:09:00,maintenance,Byron,https://github.com/Byron/dua-cli/issues/87#issuecomment-857512152,,Byron,,0.15
2021-06-09T16:50:00+02:00[Europe/Berlin],2021-06-09T16:58:00+02:00[Europe/Berlin],480,00:08:00,gitoxide,Byron,,,Byron,,0.13
2021-06-10T09:28:00+02:00[Europe/Berlin],2021-06-10T09:30:00+02:00[Europe/Berlin],120,00:02:00,GitPython,Byron,https://github.com/gitpython-developers/GitPython/discussions/1269,,Byron,,0.03
2021-06-10T09:53:00+02:00[Europe/Berlin],2021-06-10T11:46:00+02:00[Europe/Berlin],6780,01:53:00,gitoxide,GitHub Sponsors,Prepare pack statistics (just for counting for now),,Byron,,1.88
2021-06-10T11:59:00+02:00[Europe/Berlin],2021-06-10T12:19:00+02:00[Europe/Berlin],1200,00:20:00,gitoxide,GitHub Sponsors,count statistics,,Byron,,0.33
2021-06-10T12:40:00+02:00[Europe/Berlin],2021-06-10T13:29:00+02:00[Europe/Berlin],2940,00:49:00,gitoxide,GitHub Sponsors,"fix tests and build, wrap up counts statistics",,Byron,,0.82
2021-06-10T15:16:00+02:00[Europe/Berlin],2021-06-10T15:55:00+02:00[Europe/Berlin],2340,00:39:00,gitoxide,GitHub Sponsors,pack-create program with more sane options. Shows that object ordering is off even in single-threaded mode. Odd… the pack hash isn’t ever consistent and that’s quite surprising.,,Byron,,0.65
2021-06-10T18:22:00+02:00[Europe/Berlin],2021-06-10T20:17:00+02:00[Europe/Berlin],6900,01:55:00,gitoxide,Radicle,Presentation of async git client and next steps planning.,,Byron,,1.92
2021-06-11T07:18:00+02:00[Europe/Berlin],2021-06-11T07:21:00+02:00[Europe/Berlin],180,00:03:00,gitoxide,Radicle,Capture next steps,,Byron,,0.05
2021-06-11T08:13:00+02:00[Europe/Berlin],2021-06-11T08:57:00+02:00[Europe/Berlin],2640,00:44:00,gitoxide,GitHub Sponsors,pack create —statistics,,Byron,,0.73
2021-06-12T10:27:00+02:00[Europe/Berlin],2021-06-12T10:34:00+02:00[Europe/Berlin],420,00:07:00,gitoxide,Radicle,catchup on https://github.com/radicle-dev/radicle-link/pull/662 since I was mentioned. Unsubscribe as most of it is unrelated to my work.,,Byron,,0.12
2021-06-12T10:35:00+02:00[Europe/Berlin],2021-06-12T11:39:00+02:00[Europe/Berlin],3840,01:04:00,gitoxide,GitHub Sponsors,Finish statistics for pack-creation. It’s still unclear why packs aren’t giving reproducible hashes.,,Byron,,1.07
2021-06-12T11:39:00+02:00[Europe/Berlin],2021-06-12T12:03:00+02:00[Europe/Berlin],1440,00:24:00,gitoxide,GitHub Sponsors,Reproducible pack hashes for single-threaded operation. Needs chunk ordering for multi-threaded ones,,Byron,,0.40
2021-06-12T18:00:00+02:00[Europe/Berlin],2021-06-12T18:53:00+02:00[Europe/Berlin],3180,00:53:00,gitoxide,GitHub Sponsors,Hopefully fix tests on CI; test stable packs in single-threaded mode,,Byron,,0.88
2021-06-13T09:18:00+02:00[Europe/Berlin],2021-06-13T09:54:00+02:00[Europe/Berlin],2160,00:36:00,gitoxide,Radicle,"Cleanup issues, plan the next work block",,Byron,,0.60
2021-06-13T10:17:00+02:00[Europe/Berlin],2021-06-13T12:26:00+02:00[Europe/Berlin],7740,02:09:00,gitoxide,GitHub Sponsors,"Try to get stable packs in parallel mode as well; even though it should work now it still doesn’t ,most of the time.",,Byron,,2.15
2021-06-13T17:36:00+02:00[Europe/Berlin],2021-06-13T18:57:00+02:00[Europe/Berlin],4860,01:21:00,gitoxide,GitHub Sponsors,Add proper determinism; improve progress reporting; it’s ready for the next step.,,Byron,,1.35
2021-06-14T09:09:00+02:00[Europe/Berlin],2021-06-14T09:16:00+02:00[Europe/Berlin],420,00:07:00,maintenance,Byron,https://github.com/Byron/google-apis-rs/issues/287,,Byron,,0.12
2021-06-14T09:40:00+02:00[Europe/Berlin],2021-06-14T10:55:00+02:00[Europe/Berlin],4500,01:15:00,gitoxide,Radicle,https://github.com/Byron/gitoxide/issues/103,,Byron,,1.25
2021-06-14T11:49:00+02:00[Europe/Berlin],2021-06-14T11:53:00+02:00[Europe/Berlin],240,00:04:00,gitoxide,GitHub Sponsors,"update releases, inform Josh",,Byron,,0.07
2021-06-14T11:54:00+02:00[Europe/Berlin],2021-06-14T12:38:00+02:00[Europe/Berlin],2640,00:44:00,gitoxide,Radicle,"research file locks as done in git, cargo, and available crates. They all seem different so `git-lock` seems needed.",,Byron,,0.73
2021-06-14T13:59:00+02:00[Europe/Berlin],2021-06-14T14:05:00+02:00[Europe/Berlin],360,00:06:00,gitoxide,GitHub Sponsors,Update JT regarding velocity,,Byron,,0.10
2021-06-14T14:06:00+02:00[Europe/Berlin],2021-06-14T15:55:00+02:00[Europe/Berlin],6540,01:49:00,gitoxide,Radicle,Finish all tempfile/lockfile/crates research and setup a plan. https://github.com/Byron/gitoxide/issues/104,,Byron,,1.82
2021-06-14T22:22:00+02:00[Europe/Berlin],2021-06-14T22:39:00+02:00[Europe/Berlin],1020,00:17:00,maintenance,Byron,Configure OBS,,Byron,,0.28
2021-06-15T08:10:00+02:00[Europe/Berlin],2021-06-15T08:17:00+02:00[Europe/Berlin],420,00:07:00,GitPython,Byron,https://github.com/gitpython-developers/GitPython/issues/1270,,Byron,,0.12
2021-06-15T09:36:00+02:00[Europe/Berlin],2021-06-15T10:42:00+02:00[Europe/Berlin],3960,01:06:00,gitoxide,Radicle,Read the docs of signal-hook and see which kind of data structure can be used for global registry (must be Mutex free) see how this can work.,,Byron,,1.10
2021-06-15T10:43:00+02:00[Europe/Berlin],2021-06-15T11:59:00+02:00[Europe/Berlin],4560,01:16:00,gitoxide,Radicle,First steps towards git-tempfile,,Byron,,1.27
2021-06-15T13:55:00+02:00[Europe/Berlin],2021-06-15T15:56:00+02:00[Europe/Berlin],7260,02:01:00,gitoxide,Radicle,git-tempfile to the point where signal handlers could delete registered tempfiles,,Byron,,2.02
2021-06-15T17:14:00+02:00[Europe/Berlin],2021-06-15T17:24:00+02:00[Europe/Berlin],600,00:10:00,GitPython,Byron,https://github.com/gitpython-developers/GitPython/pull/1201,,Byron,,0.17
2021-06-15T17:26:00+02:00[Europe/Berlin],2021-06-15T18:30:00+02:00[Europe/Berlin],3840,01:04:00,gitoxide,Radicle,Bare-bones but well documented git-tempfile implementation.,,Byron,,1.07
2021-06-15T20:52:00+02:00[Europe/Berlin],2021-06-15T22:09:00+02:00[Europe/Berlin],4620,01:17:00,gitoxide,Radicle,git-tempfile - first release,,Byron,,1.28
2021-06-16T10:54:00+02:00[Europe/Berlin],2021-06-16T11:03:00+02:00[Europe/Berlin],540,00:09:00,GitPython,Byron,https://github.com/gitpython-developers/GitPython/pull/1201,,Byron,,0.15
2021-06-16T11:15:00+02:00[Europe/Berlin],2021-06-16T11:25:00+02:00[Europe/Berlin],600,00:10:00,GitPython,Byron,https://github.com/gitpython-developers/GitPython/pull/1201,,Byron,,0.17
2021-06-16T11:25:00+02:00[Europe/Berlin],2021-06-16T11:29:00+02:00[Europe/Berlin],240,00:04:00,GitPython,Byron,https://github.com/gitpython-developers/GitPython/pull/1201,,Byron,,0.07
2021-06-16T11:30:00+02:00[Europe/Berlin],2021-06-16T12:16:00+02:00[Europe/Berlin],2760,00:46:00,gitoxide,Radicle,"Figure out how to do signal handling properly across crates git-tempfile, git-features::interrupt and prodash.",,Byron,,0.77
2021-06-16T12:37:00+02:00[Europe/Berlin],2021-06-16T12:56:00+02:00[Europe/Berlin],1140,00:19:00,gitoxide,Radicle,start on prodash just to figure out the blocking iterator is not supported (yet).,,Byron,,0.32
2021-06-16T13:37:00+02:00[Europe/Berlin],2021-06-16T15:05:00+02:00[Europe/Berlin],5280,01:28:00,gitoxide,Radicle,"remove ctrlc from git-features interrupt handler in favour of signal-hook. Trial and error to realize that no stdout/stderr seems to be working inside of a handle, strangely enough.",,Byron,,1.47
2021-06-16T15:23:00+02:00[Europe/Berlin],2021-06-16T15:51:00+02:00[Europe/Berlin],1680,00:28:00,gitoxide,Radicle,Finish signal-hook integration; start reviewing how interrupts are implemented.,,Byron,,0.47
2021-06-16T16:00:00+02:00[Europe/Berlin],2021-06-16T16:56:00+02:00[Europe/Berlin],3360,00:56:00,gitoxide,Radicle,Port new and improved interrupt handling to the tools that needed it. Still think that the pack-traversal ones could should rather avoid integrating with it directly and instead offer context/options based interrupt handling.,,Byron,,0.93
2021-06-16T19:34:00+02:00[Europe/Berlin],2021-06-16T21:27:00+02:00[Europe/Berlin],6780,01:53:00,gitoxide,Radicle,Remove all usages of the global interrupt handling in favor of method-local one. Much better and paves the way for all async/server needs.,,Byron,,1.88
2021-06-16T21:34:00+02:00[Europe/Berlin],2021-06-16T23:15:00+02:00[Europe/Berlin],6060,01:41:00,gitoxide,Radicle,Move global interrupt handling into git-repository for applications; keep lower level utilities in git-features,,Byron,,1.68
2021-06-17T08:45:00+02:00[Europe/Berlin],2021-06-17T08:55:00+02:00[Europe/Berlin],600,00:10:00,maintenance,Byron,criner waste report repo maintenance,,Byron,,0.17
2021-06-17T10:01:00+02:00[Europe/Berlin],2021-06-17T10:44:00+02:00[Europe/Berlin],2580,00:43:00,gitoxide,Radicle,Wrapup initial version of git-tempfile to allow starting git-lock.,,Byron,,0.72
2021-06-17T10:45:00+02:00[Europe/Berlin],2021-06-17T12:13:00+02:00[Europe/Berlin],5280,01:28:00,gitoxide,Radicle,Research next steps for how to do race-free folder creation/deletion for lockfiles/tempfiles and plan what’s needed to get started with refs writing.,,Byron,,1.47
2021-06-17T14:06:00+02:00[Europe/Berlin],2021-06-17T15:56:00+02:00[Europe/Berlin],6600,01:50:00,gitoxide,Radicle,"Race-proof directory creation nearly done, the Rusty way. Needs many more tests and maybe a nicer way to call it ‘blocking’.",,Byron,,1.83
2021-06-17T19:25:00+02:00[Europe/Berlin],2021-06-17T20:30:00+02:00[Europe/Berlin],3900,01:05:00,gitoxide,Radicle,race-proof and well-tested create-dir-all,,Byron,,1.08
2021-06-18T11:12:00+02:00[Europe/Berlin],2021-06-18T11:20:00+02:00[Europe/Berlin],480,00:08:00,gitoxide,Byron,Fix Rust 1.53 update on CI,,Byron,,0.13
2021-06-18T11:20:00+02:00[Europe/Berlin],2021-06-18T11:46:00+02:00[Europe/Berlin],1560,00:26:00,GitPython,Byron,https://github.com/gitpython-developers/GitPython/issues/1247; https://github.com/gitpython-developers/GitPython/pull/1271,,Byron,,0.43
2021-06-18T11:47:00+02:00[Europe/Berlin],2021-06-18T12:26:00+02:00[Europe/Berlin],2340,00:39:00,gitoxide,Byron,Research what’s needed to get gitoxide into cargo,,Byron,,0.65
2021-06-18T13:20:00+02:00[Europe/Berlin],2021-06-18T15:07:00+02:00[Europe/Berlin],6420,01:47:00,gitoxide,Radicle,create_dir improvements and prep for remove dir and using create_dir in tempfile API,,Byron,,1.78
2021-06-18T15:17:00+02:00[Europe/Berlin],2021-06-18T15:56:00+02:00[Europe/Berlin],2340,00:39:00,gitoxide,Radicle,Details of properly counting retries and respective tests,,Byron,,0.65
2021-06-18T18:02:00+02:00[Europe/Berlin],2021-06-18T18:20:00+02:00[Europe/Berlin],1080,00:18:00,gitoxide,Radicle,Finish logic and test for race-proof directory creation.,,Byron,,0.30
2021-06-18T18:37:00+02:00[Europe/Berlin],2021-06-18T19:02:00+02:00[Europe/Berlin],1500,00:25:00,gitoxide,Radicle,sketch cleanup controls that I want to delete dirs more safely,,Byron,,0.42
2021-06-19T08:24:00+02:00[Europe/Berlin],2021-06-19T08:48:00+02:00[Europe/Berlin],1440,00:24:00,gitoxide,Radicle,cleanup and remove_dirs impl,,Byron,,0.40
2021-06-19T09:27:00+02:00[Europe/Berlin],2021-06-19T11:52:00+02:00[Europe/Berlin],8700,02:25:00,gitoxide,Radicle,"git tempfile ready for use in git-lock, release 0.2.0",,Byron,,2.42
2021-06-19T13:46:00+02:00[Europe/Berlin],2021-06-19T13:54:00+02:00[Europe/Berlin],480,00:08:00,gitoxide,Radicle,research ref locking styles to know what to implement for git-lock first.,,Byron,,0.13
2021-06-19T18:45:00+02:00[Europe/Berlin],2021-06-19T19:24:00+02:00[Europe/Berlin],2340,00:39:00,gitoxide,Radicle,"A method to mutate the underlying tempfile, but unfortunately closing them is nothing that can be done. Confuses me every time. Also can’t figure out how packed-ref locking works as it seems to obtain a lock on an existing file which shouldn’t work.",,Byron,,0.65
2021-06-19T19:46:00+02:00[Europe/Berlin],2021-06-19T20:15:00+02:00[Europe/Berlin],1740,00:29:00,gitoxide,Radicle,figure out how lock files really work and how to create a closed lock file.,,Byron,,0.48
2021-06-19T21:23:00+02:00[Europe/Berlin],2021-06-19T21:56:00+02:00[Europe/Berlin],1980,00:33:00,gitoxide,Radicle,Refactor to support open and closed tempfiles without a chance to confuse them.,,Byron,,0.55
2021-06-20T08:12:00+02:00[Europe/Berlin],2021-06-20T08:19:00+02:00[Europe/Berlin],420,00:07:00,maintenance,Byron,https://github.com/Byron/tui-crates/issues/1,,Byron,,0.12
2021-06-20T08:20:00+02:00[Europe/Berlin],2021-06-20T09:15:00+02:00[Europe/Berlin],3300,00:55:00,gitoxide,Radicle,Ability to handle closed tempfiles/markers and all the tests,,Byron,,0.92
2021-06-20T09:54:00+02:00[Europe/Berlin],2021-06-20T11:03:00+02:00[Europe/Berlin],4140,01:09:00,gitoxide,Radicle,"Sketch lock API and simplify it based on new understanding. Why packed-refs need to be written into their own tempfile is unclear to me, that is why the lock has to be held longer than the transaction itself.",,Byron,,1.15
2021-06-20T13:25:00+02:00[Europe/Berlin],2021-06-20T13:34:00+02:00[Europe/Berlin],540,00:09:00,gitoxide,Radicle,validate tempfiles can fail in a way we can distinguish.,,Byron,,0.15
2021-06-20T13:44:00+02:00[Europe/Berlin],2021-06-20T15:18:00+02:00[Europe/Berlin],5640,01:34:00,gitoxide,Radicle,"A few tests and a lot of refactoring, much impl is todo",,Byron,,1.57
2021-06-20T16:42:00+02:00[Europe/Berlin],2021-06-20T17:40:00+02:00[Europe/Berlin],3480,00:58:00,gitoxide,Radicle,"tempfiles and lockfiles keep giving, now the handler behavior is more tested and maybe even completely correct.",,Byron,,0.97
2021-06-20T18:19:00+02:00[Europe/Berlin],2021-06-20T18:52:00+02:00[Europe/Berlin],1980,00:33:00,gitoxide,Radicle,all lock tests green,,Byron,,0.55
2021-06-20T21:09:00+02:00[Europe/Berlin],2021-06-20T21:49:00+02:00[Europe/Berlin],2400,00:40:00,gitoxide,Radicle,cleanup and exponential backoff impl + tests,,Byron,,0.67
2021-06-21T13:07:00+02:00[Europe/Berlin],2021-06-21T13:14:00+02:00[Europe/Berlin],420,00:07:00,gitoxide,Radicle,"start on randomization of delay, which crate to use?",,Byron,,0.12
2021-06-21T13:49:00+02:00[Europe/Berlin],2021-06-21T14:16:00+02:00[Europe/Berlin],1620,00:27:00,gitoxide,Radicle,Randomization impl,,Byron,,0.45
2021-06-21T14:42:00+02:00[Europe/Berlin],2021-06-21T15:05:00+02:00[Europe/Berlin],1380,00:23:00,gitoxide,Radicle,impl remaining backoff needs; check quickly what crates.io has and be happy I did it myself,,Byron,,0.38
2021-06-21T15:24:00+02:00[Europe/Berlin],2021-06-21T15:46:00+02:00[Europe/Berlin],1320,00:22:00,gitoxide,Radicle,"actually use the exponential backoff, test still tbd",,Byron,,0.37
2021-06-22T07:34:00+02:00[Europe/Berlin],2021-06-22T07:47:00+02:00[Europe/Berlin],780,00:13:00,maintenance,Byron,https://github.com/Byron/tui-crates/issues/1#issuecomment-865419172,,Byron,,0.22
2021-06-22T07:47:00+02:00[Europe/Berlin],2021-06-22T07:51:00+02:00[Europe/Berlin],240,00:04:00,maintenance,Byron,https://github.com/Byron/google-apis-rs/discussions/289,,Byron,,0.07
2021-06-22T07:51:00+02:00[Europe/Berlin],2021-06-22T08:03:00+02:00[Europe/Berlin],720,00:12:00,GitPython,Byron,https://github.com/gitpython-developers/GitPython/pull/1272; https://github.com/gitpython-developers/GitPython/issues/1235,,Byron,,0.20
2021-06-22T09:41:00+02:00[Europe/Berlin],2021-06-22T11:47:00+02:00[Europe/Berlin],7560,02:06:00,gitoxide,GitHub Sponsors,Monthly update,,Byron,,2.10
2021-06-22T22:31:00+02:00[Europe/Berlin],2021-06-22T22:35:00+02:00[Europe/Berlin],240,00:04:00,gitoxide,Radicle,Get at least one commit in by adding #[must_use] where it matters,,Byron,,0.07
2021-06-23T08:30:00+02:00[Europe/Berlin],2021-06-23T08:40:00+02:00[Europe/Berlin],600,00:10:00,gitoxide,Radicle,git-lock - first lock failure test,,Byron,,0.17
2021-06-23T09:45:00+02:00[Europe/Berlin],2021-06-23T09:53:00+02:00[Europe/Berlin],480,00:08:00,gitoxide,Radicle,a test for validating blocking wait for locks,,Byron,,0.13
2021-06-23T10:12:00+02:00[Europe/Berlin],2021-06-23T10:24:00+02:00[Europe/Berlin],720,00:12:00,gitoxide,Radicle,wrap up tempfile and git-lock; release both,,Byron,,0.20
2021-06-23T14:28:00+02:00[Europe/Berlin],2021-06-23T15:03:00+02:00[Europe/Berlin],2100,00:35:00,gitoxide,Radicle,research transaction requirements; start sketching it in Rust,,Byron,,0.58
2021-06-23T19:43:00+02:00[Europe/Berlin],2021-06-23T19:47:00+02:00[Europe/Berlin],240,00:04:00,gitoxide,Byron,https://github.com/gitpython-developers/GitPython/discussions/1277?converting=1,,Byron,,0.07
2021-06-23T19:47:00+02:00[Europe/Berlin],2021-06-23T19:50:00+02:00[Europe/Berlin],180,00:03:00,GitPython,Byron,https://github.com/gitpython-developers/GitPython/pull/1275,,Byron,,0.05
2021-06-23T19:51:00+02:00[Europe/Berlin],2021-06-23T20:02:00+02:00[Europe/Berlin],660,00:11:00,maintenance,Byron,https://github.com/Byron/pulldown-cmark-to-cmark/pull/26,,Byron,,0.18
2021-06-23T20:02:00+02:00[Europe/Berlin],2021-06-23T20:15:00+02:00[Europe/Berlin],780,00:13:00,maintenance,Byron,https://github.com/gitpython-developers/GitPython/issues/1235,,Byron,,0.22
2021-06-24T07:36:00+02:00[Europe/Berlin],2021-06-24T07:43:00+02:00[Europe/Berlin],420,00:07:00,maintenance,Byron,https://github.com/Byron/dua-cli/issues/94,,Byron,,0.12
2021-06-24T07:43:00+02:00[Europe/Berlin],2021-06-24T07:56:00+02:00[Europe/Berlin],780,00:13:00,maintenance,Byron,https://github.com/KSXGitHub/parallel-disk-usage/tree/1ce3a77cb94c13be87f3bc9213e016fa5259ed13#benchmark,,Byron,,0.22
2021-06-24T07:56:00+02:00[Europe/Berlin],2021-06-24T08:01:00+02:00[Europe/Berlin],300,00:05:00,GitPython,Byron,https://github.com/gitpython-developers/GitPython/pull/1278,,Byron,,0.08
2021-06-24T13:49:00+02:00[Europe/Berlin],2021-06-24T15:59:00+02:00[Europe/Berlin],7800,02:10:00,gitoxide,Radicle,Research on how to do transactions and what’s needed for that nearly done,,Byron,,2.17
2021-06-24T20:09:00+02:00[Europe/Berlin],2021-06-24T20:17:00+02:00[Europe/Berlin],480,00:08:00,gitoxide,Byron,,,Byron,,0.13
2021-06-24T20:17:00+02:00[Europe/Berlin],2021-06-24T20:25:00+02:00[Europe/Berlin],480,00:08:00,maintenance,Byron,,,Byron,,0.13
2021-06-24T20:26:00+02:00[Europe/Berlin],2021-06-24T21:45:00+02:00[Europe/Berlin],4740,01:19:00,gitoxide,Radicle,finish sketch of transactions by reducing all known cases (and multiple flags) into a single enum,,Byron,,1.32
2021-06-25T09:30:00+02:00[Europe/Berlin],2021-06-25T09:48:00+02:00[Europe/Berlin],1080,00:18:00,gitoxide,Byron,Check new rustsec osv export which integrates with git,,Byron,,0.30
2021-06-25T10:22:00+02:00[Europe/Berlin],2021-06-25T11:10:00+02:00[Europe/Berlin],2880,00:48:00,gitoxide,Radicle,Try hard to find the reftable backend for git but it doesn’t exist in mainline yet. Probably I confused it with the mailing list submission that never got merged.,,Byron,,0.80
2021-06-25T11:10:00+02:00[Europe/Berlin],2021-06-25T11:58:00+02:00[Europe/Berlin],2880,00:48:00,gitoxide,Radicle,"It’s set, now for the actual implementation of ref transactions",,Byron,,0.80
2021-06-25T13:59:00+02:00[Europe/Berlin],2021-06-25T15:52:00+02:00[Europe/Berlin],6780,01:53:00,gitoxide,Radicle,"research reflog intricacies, report progress, start reflog parsing",,Byron,,1.88
2021-06-25T17:22:00+02:00[Europe/Berlin],2021-06-25T18:05:00+02:00[Europe/Berlin],2580,00:43:00,gitoxide,Radicle,refactor git-actor (partially),,Byron,,0.72
2021-06-25T18:29:00+02:00[Europe/Berlin],2021-06-25T19:00:00+02:00[Europe/Berlin],1860,00:31:00,gitoxide,Radicle,first release of git-actor,,Byron,,0.52
2021-06-26T09:19:00+02:00[Europe/Berlin],2021-06-26T09:22:00+02:00[Europe/Berlin],180,00:03:00,maintenance,Byron,https://github.com/Byron/dua-cli/issues/30,,Byron,,0.05
2021-06-26T09:23:00+02:00[Europe/Berlin],2021-06-26T09:48:00+02:00[Europe/Berlin],1500,00:25:00,gitoxide,Radicle,Look into issues and start figuring out how to make handshakes more controllable.,,Byron,,0.42
2021-06-26T09:49:00+02:00[Europe/Berlin],2021-06-26T09:54:00+02:00[Europe/Berlin],300,00:05:00,maintenance,Byron,get git back,,Byron,,0.08
2021-06-26T09:54:00+02:00[Europe/Berlin],2021-06-26T10:10:00+02:00[Europe/Berlin],960,00:16:00,GitPython,Byron,https://github.com/gitpython-developers/GitPython/pull/1279,,Byron,,0.27
2021-06-26T14:51:00+02:00[Europe/Berlin],2021-06-26T16:42:00+02:00[Europe/Berlin],6660,01:51:00,gitoxide,Radicle,Make git-object use git-actor,,Byron,,1.85
2021-06-26T17:09:00+02:00[Europe/Berlin],2021-06-26T18:08:00+02:00[Europe/Berlin],3540,00:59:00,gitoxide,Radicle,cleanup nom error handling in git-object with the learnings from git-actor,,Byron,,0.98
2021-06-26T19:09:00+02:00[Europe/Berlin],2021-06-26T19:25:00+02:00[Europe/Berlin],960,00:16:00,gitoxide,Radicle,prepare aborting handshake early,,Byron,,0.27
2021-06-26T20:30:00+02:00[Europe/Berlin],2021-06-26T20:50:00+02:00[Europe/Berlin],1200,00:20:00,gitoxide,Radicle,"Implement a better way to abort immediately by repurposing, improving a method on the transport layer.",,Byron,,0.33
2021-06-26T21:15:00+02:00[Europe/Berlin],2021-06-26T22:21:00+02:00[Europe/Berlin],3960,01:06:00,gitoxide,Radicle,"Finally get supported_versions() check to work, without closing the connection due to https://github.com/rust-lang/rust/issues/76149",,Byron,,1.10
2021-06-27T07:27:00+02:00[Europe/Berlin],2021-06-27T07:48:00+02:00[Europe/Berlin],1260,00:21:00,gitoxide,Radicle,prepare extra-parameters to be passable to git::Connection and everything else,,Byron,,0.35
2021-06-27T08:51:00+02:00[Europe/Berlin],2021-06-27T09:04:00+02:00[Europe/Berlin],780,00:13:00,gitoxide,Radicle,"git::Connection impl, http outstanding",,Byron,,0.22
2021-06-27T09:40:00+02:00[Europe/Berlin],2021-06-27T10:51:00+02:00[Europe/Berlin],4260,01:11:00,gitoxide,Radicle,extra parameters for git-transport and for git-protocol,,Byron,,1.18
2021-06-27T11:46:00+02:00[Europe/Berlin],2021-06-27T12:11:00+02:00[Europe/Berlin],1500,00:25:00,gitoxide,Radicle,extra_parameters are passed on in protocol layer as controlled by the delegate,,Byron,,0.42
2021-06-27T14:46:00+02:00[Europe/Berlin],2021-06-27T14:57:00+02:00[Europe/Berlin],660,00:11:00,gitoxide,Radicle,Wrapup https://github.com/Byron/gitoxide/issues/112,,Byron,,0.18
2021-06-28T08:25:00+02:00[Europe/Berlin],2021-06-28T08:29:00+02:00[Europe/Berlin],240,00:04:00,maintenance,Byron,https://github.com/Byron/dua-cli/pull/95#pullrequestreview-693471190,,Byron,,0.07
2021-06-28T08:29:00+02:00[Europe/Berlin],2021-06-28T08:35:00+02:00[Europe/Berlin],360,00:06:00,maintenance,Byron,https://github.com/Byron/dua-cli/issues/96,,Byron,,0.10
2021-06-28T10:31:00+02:00[Europe/Berlin],2021-06-28T11:02:00+02:00[Europe/Berlin],1860,00:31:00,gitoxide,Radicle,first test for log reading; get serde1 support for git-ref,,Byron,,0.52
2021-06-28T14:23:00+02:00[Europe/Berlin],2021-06-28T15:29:00+02:00[Europe/Berlin],3960,01:06:00,gitoxide,Radicle,Impl and test log parser which includes special cases that git itself looks out for,,Byron,,1.10
2021-06-28T15:37:00+02:00[Europe/Berlin],2021-06-28T15:54:00+02:00[Europe/Berlin],1020,00:17:00,gitoxide,Radicle,try a round of generic nom error handling and loose it,,Byron,,0.28
2021-06-28T16:47:00+02:00[Europe/Berlin],2021-06-28T16:59:00+02:00[Europe/Berlin],720,00:12:00,gitoxide,Radicle,breakthrough nom error handling,,Byron,,0.20
2021-06-28T19:45:00+02:00[Europe/Berlin],2021-06-28T21:33:00+02:00[Europe/Berlin],6480,01:48:00,gitoxide,Radicle,refactor nom error handling a bit; handle #113 by Kim,,Byron,,1.80
2021-06-29T09:22:00+02:00[Europe/Berlin],2021-06-29T09:59:00+02:00[Europe/Berlin],2220,00:37:00,gitoxide,Radicle,"Finish review, refactor of https://github.com/Byron/gitoxide/pull/113",,Byron,,0.62
2021-06-29T09:59:00+02:00[Europe/Berlin],2021-06-29T11:41:00+02:00[Europe/Berlin],6120,01:42:00,gitoxide,Radicle,Clenaup Transport and Protocol: https://github.com/Byron/gitoxide/issues/112#issuecomment-870206514,,Byron,,1.70
2021-06-29T13:52:00+02:00[Europe/Berlin],2021-06-29T15:58:00+02:00[Europe/Berlin],7560,02:06:00,gitoxide,Radicle,"Massive refactor to get error handling in nom RIGHT before nom spreads more. It’s all connected via git-actor which forces git-object to be refactored, too.",,Byron,,2.10
2021-06-29T17:43:00+02:00[Europe/Berlin],2021-06-29T18:34:00+02:00[Europe/Berlin],3060,00:51:00,gitoxide,Radicle,git-object now uses generalized nom errors and a simplified error type to start with,,Byron,,0.85
2021-06-29T21:50:00+02:00[Europe/Berlin],2021-06-29T22:04:00+02:00[Europe/Berlin],840,00:14:00,gitoxide,Radicle,https://github.com/Byron/gitoxide/issues/112#issuecomment-870629393,,Byron,,0.23
2021-06-29T22:09:00+02:00[Europe/Berlin],2021-06-29T22:28:00+02:00[Europe/Berlin],1140,00:19:00,gitoxide,Radicle,https://github.com/Byron/gitoxide/pull/114,,Byron,,0.32
2021-06-29T22:28:00+02:00[Europe/Berlin],2021-06-29T22:51:00+02:00[Europe/Berlin],1380,00:23:00,gitoxide,Radicle,Disable verbose errors for object parsing and maybe gain some performance.,,Byron,,0.38
2021-06-30T07:08:00+02:00[Europe/Berlin],2021-06-30T07:45:00+02:00[Europe/Berlin],2220,00:37:00,maintenance,Byron,https://github.com/Byron/dua-cli/pull/95,,Byron,,0.62
2021-06-30T07:45:00+02:00[Europe/Berlin],2021-06-30T08:15:00+02:00[Europe/Berlin],1800,00:30:00,gitoxide,Radicle,Start impl https://github.com/Byron/gitoxide/pull/114#issuecomment-870994434,,Byron,,0.50
2021-06-30T08:34:00+02:00[Europe/Berlin],2021-06-30T09:08:00+02:00[Europe/Berlin],2040,00:34:00,gitoxide,Radicle,Finish https://github.com/Byron/gitoxide/pull/114,,Byron,,0.57
2021-06-30T09:10:00+02:00[Europe/Berlin],2021-06-30T09:18:00+02:00[Europe/Berlin],480,00:08:00,gitoxide,Radicle,https://github.com/Byron/gitoxide/issues/112#issuecomment-871025528,,Byron,,0.13
2021-06-30T10:24:00+02:00[Europe/Berlin],2021-06-30T11:16:00+02:00[Europe/Berlin],3120,00:52:00,gitoxide,Radicle,refactor ref log; sketch forward iterator,,Byron,,0.87
2021-06-30T14:19:00+02:00[Europe/Berlin],2021-06-30T15:33:00+02:00[Europe/Berlin],4440,01:14:00,gitoxide,Radicle,forward iteration incl. decent error reporting and tests,,Byron,,1.23
2021-06-30T15:39:00+02:00[Europe/Berlin],2021-06-30T15:51:00+02:00[Europe/Berlin],720,00:12:00,gitoxide,Radicle,sketch reverse iterator for ref reading. This one will probably be used to read reflog entries.,,Byron,,0.20
2021-06-30T18:07:00+02:00[Europe/Berlin],2021-06-30T18:22:00+02:00[Europe/Berlin],900,00:15:00,gitoxide,Radicle,first reverse iterator test,,Byron,,0.25
2021-06-30T19:49:00+02:00[Europe/Berlin],2021-06-30T20:37:00+02:00[Europe/Berlin],2880,00:48:00,gitoxide,Radicle,Try two versions of the reverse iterator; might have to postpone that one as it gives trouble…,,Byron,,0.80
2021-06-30T21:19:00+02:00[Europe/Berlin],2021-06-30T22:00:00+02:00[Europe/Berlin],2460,00:41:00,gitoxide,Radicle,Get the reverse iterator to compile at least by giving up on returning borrowed things. Simply can’t be done as Iterator or is really hard.,,Byron,,0.68
2021-07-01T07:45:00+02:00[Europe/Berlin],2021-07-01T07:49:00+02:00[Europe/Berlin],240,00:04:00,GitPython,Byron,https://github.com/gitpython-developers/GitPython/pull/1280,,Byron,,0.07
2021-07-01T07:49:00+02:00[Europe/Berlin],2021-07-01T08:01:00+02:00[Europe/Berlin],720,00:12:00,GitPython,Byron,https://github.com/gitpython-developers/GitPython/pull/1282#pullrequestreview-696705842,,Byron,,0.20
2021-07-01T08:03:00+02:00[Europe/Berlin],2021-07-01T08:59:00+02:00[Europe/Berlin],3360,00:56:00,gitoxide,Radicle,reverse iterator is nearly there; few tests missing,,Byron,,0.93
2021-07-01T09:14:00+02:00[Europe/Berlin],2021-07-01T09:44:00+02:00[Europe/Berlin],1800,00:30:00,gitoxide,Radicle,log reverse iterator done,,Byron,,0.50
2021-07-01T09:44:00+02:00[Europe/Berlin],2021-07-01T10:49:00+02:00[Europe/Berlin],3900,01:05:00,gitoxide,Radicle,log line writing,,Byron,,1.08
2021-07-01T11:09:00+02:00[Europe/Berlin],2021-07-01T11:41:00+02:00[Europe/Berlin],1920,00:32:00,gitoxide,Radicle,learn more about what ‘files’ backend should support in terms of transactions.,,Byron,,0.53
2021-07-01T14:52:00+02:00[Europe/Berlin],2021-07-01T15:55:00+02:00[Europe/Berlin],3780,01:03:00,gitoxide,Radicle,study transaction prepare; impl remaining tempfile/lockfile features,,Byron,,1.05
2021-07-02T07:38:00+02:00[Europe/Berlin],2021-07-02T08:00:00+02:00[Europe/Berlin],1320,00:22:00,GitPython,Byron,https://github.com/gitpython-developers/GitPython/pull/1282,,Byron,,0.37
2021-07-02T08:01:00+02:00[Europe/Berlin],2021-07-02T08:12:00+02:00[Europe/Berlin],660,00:11:00,gitoxide,Radicle,refactor; start transaction work,,Byron,,0.18
2021-07-02T08:57:00+02:00[Europe/Berlin],2021-07-02T10:58:00+02:00[Europe/Berlin],7260,02:01:00,gitoxide,Radicle,Work towards first transaction tests while keeping reftable in mind.,,Byron,,2.02
2021-07-02T12:09:00+02:00[Europe/Berlin],2021-07-02T13:55:00+02:00[Europe/Berlin],6360,01:46:00,gitoxide,Radicle,First handling generalized handling of input edits,,Byron,,1.77
2021-07-02T14:13:00+02:00[Europe/Berlin],2021-07-02T16:22:00+02:00[Europe/Berlin],7740,02:09:00,gitoxide,Radicle,"Update Kim with progress this week, clarify plan is still valid; first full test for transaction handling",,Byron,,2.15
2021-07-02T21:17:00+02:00[Europe/Berlin],2021-07-02T21:19:00+02:00[Europe/Berlin],120,00:02:00,GitPython,Byron,https://github.com/gitpython-developers/GitPython/issues/1283,,Byron,,0.03
2021-07-02T21:20:00+02:00[Europe/Berlin],2021-07-02T21:37:00+02:00[Europe/Berlin],1020,00:17:00,gitoxide,Radicle,A first look at https://github.com/radicle-dev/radicle-link/pull/724,,Byron,,0.28
2021-07-03T10:11:00+02:00[Europe/Berlin],2021-07-03T11:13:00+02:00[Europe/Berlin],3720,01:02:00,gitoxide,Radicle,https://github.com/radicle-dev/radicle-link/pull/724#pullrequestreview-698558053,,Byron,,1.03
2021-07-03T19:56:00+02:00[Europe/Berlin],2021-07-03T21:19:00+02:00[Europe/Berlin],4980,01:23:00,gitoxide,Radicle,"Review second part: https://github.com/radicle-dev/radicle-link/pull/724#pullrequestreview-698589660 , including some local testing",,Byron,,1.38
2021-07-04T11:01:00+02:00[Europe/Berlin],2021-07-04T12:18:00+02:00[Europe/Berlin],4620,01:17:00,gitoxide,Radicle,"reflog access via store, forward iter",,Byron,,1.28
2021-07-04T13:12:00+02:00[Europe/Berlin],2021-07-04T13:43:00+02:00[Europe/Berlin],1860,00:31:00,gitoxide,Radicle,refactor and start getting log access for loose refs.,,Byron,,0.52
2021-07-04T14:25:00+02:00[Europe/Berlin],2021-07-04T15:35:00+02:00[Europe/Berlin],4200,01:10:00,gitoxide,Radicle,Get past borrow check shortcoming with some code duplication; finish test assertions.,,Byron,,1.17
2021-07-04T16:26:00+02:00[Europe/Berlin],2021-07-04T18:23:00+02:00[Europe/Berlin],7020,01:57:00,gitoxide,Radicle,"It’s getting there, but slowly somehow. So many cases to consider, TDD is a must, yak still gives.",,Byron,,1.95
2021-07-04T22:31:00+02:00[Europe/Berlin],2021-07-04T23:13:00+02:00[Europe/Berlin],2520,00:42:00,gitoxide,Radicle,"Finally, the first ref written to disk quite properly with lots of scaffolding to be filled out for all the other cases.",,Byron,,0.70
2021-07-05T09:02:00+02:00[Europe/Berlin],2021-07-05T09:39:00+02:00[Europe/Berlin],2220,00:37:00,gitoxide,Radicle,Replies on https://github.com/radicle-dev/radicle-link/pull/724,,Byron,,0.62
2021-07-05T14:11:00+02:00[Europe/Berlin],2021-07-05T15:58:00+02:00[Europe/Berlin],6420,01:47:00,gitoxide,Radicle,"More tests, deletion of refs, no reflog handling for now.",,Byron,,1.78
2021-07-06T10:05:00+02:00[Europe/Berlin],2021-07-06T11:23:00+02:00[Europe/Berlin],4680,01:18:00,gitoxide,Radicle,"Lot’s of refactoring, getting a better understanding of deletion and reflog handling",,Byron,,1.30
2021-07-06T11:29:00+02:00[Europe/Berlin],2021-07-06T12:07:00+02:00[Europe/Berlin],2280,00:38:00,gitoxide,Radicle,"Another ref deletion test succeeds, just 10 more to go ;)",,Byron,,0.63
2021-07-06T13:42:00+02:00[Europe/Berlin],2021-07-06T13:51:00+02:00[Europe/Berlin],540,00:09:00,GitPython,Byron,https://github.com/gitpython-developers/GitPython/issues/1284,,Byron,,0.15
2021-07-06T13:52:00+02:00[Europe/Berlin],2021-07-06T15:41:00+02:00[Europe/Berlin],6540,01:49:00,gitoxide,Radicle,sketch edit splitting API to be reusable by different reflog implementations.,,Byron,,1.82
2021-07-06T15:42:00+02:00[Europe/Berlin],2021-07-06T15:46:00+02:00[Europe/Berlin],240,00:04:00,GitPython,Byron,https://github.com/gitpython-developers/GitPython/issues/1284,,Byron,,0.07
2021-07-06T21:38:00+02:00[Europe/Berlin],2021-07-06T22:21:00+02:00[Europe/Berlin],2580,00:43:00,gitoxide,Radicle,refactor; test for splitting,,Byron,,0.72
2021-07-06T22:30:00+02:00[Europe/Berlin],2021-07-06T23:07:00+02:00[Europe/Berlin],2220,00:37:00,gitoxide,Radicle,First part of ref splitting tested and implemented: deref flag handling,,Byron,,0.62
2021-07-07T10:20:00+02:00[Europe/Berlin],2021-07-07T10:24:00+02:00[Europe/Berlin],240,00:04:00,maintenance,Byron,,,Byron,,0.07
2021-07-07T10:24:00+02:00[Europe/Berlin],2021-07-07T11:46:00+02:00[Europe/Berlin],4920,01:22:00,gitoxide,Radicle,ref splitting fully implemented,,Byron,,1.37
2021-07-07T15:10:00+02:00[Europe/Berlin],2021-07-07T16:52:00+02:00[Europe/Berlin],6120,01:42:00,gitoxide,Radicle,Some refactoring; more deletion tests; now up to assuring broken refs can be deleted.,,Byron,,1.70
2021-07-07T18:51:00+02:00[Europe/Berlin],2021-07-07T19:31:00+02:00[Europe/Berlin],2400,00:40:00,gitoxide,Radicle,ref deletion is fully implemented and tested,,Byron,,0.67
2021-07-07T21:51:00+02:00[Europe/Berlin],2021-07-07T22:52:00+02:00[Europe/Berlin],3660,01:01:00,gitoxide,Radicle,sketch reflog updates and messages; further a test for validation.,,Byron,,1.02
2021-07-08T10:24:00+02:00[Europe/Berlin],2021-07-08T11:58:00+02:00[Europe/Berlin],5640,01:34:00,gitoxide,Radicle,"get started and try different things with parent links; now it’s understood, but not done yet.",,Byron,,1.57
2021-07-08T13:28:00+02:00[Europe/Berlin],2021-07-08T14:20:00+02:00[Europe/Berlin],3120,00:52:00,gitoxide,Radicle,follow parent links for previous peeled object id values and for lock error ref names.,,Byron,,0.87
2021-07-08T14:51:00+02:00[Europe/Berlin],2021-07-08T15:21:00+02:00[Europe/Berlin],1800,00:30:00,gitoxide,Radicle,start checking creation logic,,Byron,,0.50
2021-07-08T15:26:00+02:00[Europe/Berlin],2021-07-08T16:12:00+02:00[Europe/Berlin],2760,00:46:00,gitoxide,Radicle,Finish create or update logic API,,Byron,,0.77
2021-07-08T20:57:00+02:00[Europe/Berlin],2021-07-08T21:33:00+02:00[Europe/Berlin],2160,00:36:00,gitoxide,Radicle,prepare reflog writing; next up is some tests,,Byron,,0.60
2021-07-09T13:02:00+02:00[Europe/Berlin],2021-07-09T14:45:00+02:00[Europe/Berlin],6180,01:43:00,gitoxide,Radicle,Get deep into tests for reflog creation; adapt git-lock to be even more helpful.,,Byron,,1.72
2021-07-09T15:01:00+02:00[Europe/Berlin],2021-07-09T16:58:00+02:00[Europe/Berlin],7020,01:57:00,gitoxide,Radicle,get even closer to actually implementing reflog writing as new details show up,,Byron,,1.95
2021-07-09T21:03:00+02:00[Europe/Berlin],2021-07-09T21:51:00+02:00[Europe/Berlin],2880,00:48:00,gitoxide,Radicle,"Write reflogs, without handling existing dirs",,Byron,,0.80
2021-07-09T22:12:00+02:00[Europe/Berlin],2021-07-09T22:45:00+02:00[Europe/Berlin],1980,00:33:00,gitoxide,Radicle,"The first green test related to log writing, little details around directory handling are still to be done and improved though.",,Byron,,0.55
2021-07-10T17:23:00+02:00[Europe/Berlin],2021-07-10T18:30:00+02:00[Europe/Berlin],4020,01:07:00,gitoxide,Radicle,refactor directory handling; make directories in place of reflog more powerful,,Byron,,1.12
2021-07-10T19:14:00+02:00[Europe/Berlin],2021-07-10T21:33:00+02:00[Europe/Berlin],8340,02:19:00,gitoxide,Radicle,tempfile with recoverable persistence,,Byron,,2.32
2021-07-10T21:51:00+02:00[Europe/Berlin],2021-07-10T22:16:00+02:00[Europe/Berlin],1500,00:25:00,gitoxide,Radicle,I truly hope that the yak is now shaved: git-lock has recoverable commits and that can now be used to handle deleting empty dirs if persisting fails.,,Byron,,0.42
2021-07-11T09:29:00+02:00[Europe/Berlin],2021-07-11T10:53:00+02:00[Europe/Berlin],5040,01:24:00,gitoxide,Radicle,git-ref handles directories in place of refs to be written gracefully.,,Byron,,1.40
2021-07-11T11:10:00+02:00[Europe/Berlin],2021-07-11T12:09:00+02:00[Europe/Berlin],3540,00:59:00,gitoxide,Radicle,more tests,,Byron,,0.98
2021-07-11T12:11:00+02:00[Europe/Berlin],2021-07-11T12:34:00+02:00[Europe/Berlin],1380,00:23:00,GitPython,Byron,https://github.com/gitpython-developers/GitPython/pull/1285,,Byron,,0.38
2021-07-11T16:53:00+02:00[Europe/Berlin],2021-07-11T16:57:00+02:00[Europe/Berlin],240,00:04:00,maintenance,Byron,https://github.com/gitpython-developers/GitPython/pull/1285,,Byron,,0.07
2021-07-11T16:57:00+02:00[Europe/Berlin],2021-07-11T17:13:00+02:00[Europe/Berlin],960,00:16:00,gitoxide,Radicle,"one more test, two or three to go",,Byron,,0.27
2021-07-11T17:32:00+02:00[Europe/Berlin],2021-07-11T18:30:00+02:00[Europe/Berlin],3480,00:58:00,gitoxide,Radicle,create-or-update seems fully tested now and the cases I could think of all work.,,Byron,,0.97
2021-07-11T21:55:00+02:00[Europe/Berlin],2021-07-11T22:02:00+02:00[Europe/Berlin],420,00:07:00,maintenance,Byron,https://github.com/Byron/google-apis-rs/issues/290,,Byron,,0.12
2021-07-12T09:47:00+02:00[Europe/Berlin],2021-07-12T10:26:00+02:00[Europe/Berlin],2340,00:39:00,gitoxide,Radicle,cleanup + docs review and improvements,,Byron,,0.65
2021-07-12T10:45:00+02:00[Europe/Berlin],2021-07-12T11:57:00+02:00[Europe/Berlin],4320,01:12:00,gitoxide,Radicle,"Start figuring out how to best tackle packed-refs to provide exactly what’s needed for us: iteration and lookup. It’s two different things, unfortunately.",,Byron,,1.20
2021-07-12T13:39:00+02:00[Europe/Berlin],2021-07-12T14:40:00+02:00[Europe/Berlin],3660,01:01:00,gitoxide,Radicle,packed refs header line parsing,,Byron,,1.02
2021-07-12T14:58:00+02:00[Europe/Berlin],2021-07-12T15:53:00+02:00[Europe/Berlin],3300,00:55:00,gitoxide,Radicle,packed refs line parsing,,Byron,,0.92
2021-07-12T20:53:00+02:00[Europe/Berlin],2021-07-12T21:45:00+02:00[Europe/Berlin],3120,00:52:00,gitoxide,Radicle,Sha256 support for git-ref; sketch iterator,,Byron,,0.87
2021-07-13T08:44:00+02:00[Europe/Berlin],2021-07-13T08:50:00+02:00[Europe/Berlin],360,00:06:00,gitoxide,Radicle,smarter support for parsing heshes of varying lengths (one day),,Byron,,0.10
2021-07-13T09:58:00+02:00[Europe/Berlin],2021-07-13T11:18:00+02:00[Europe/Berlin],4800,01:20:00,gitoxide,Radicle,packed refs iteration,,Byron,,1.33
2021-07-13T13:39:00+02:00[Europe/Berlin],2021-07-13T15:26:00+02:00[Europe/Berlin],6420,01:47:00,gitoxide,Radicle,finish packed refs iteration; research loose/packed iteration; sketch loose iterator API,,Byron,,1.78
2021-07-13T15:44:00+02:00[Europe/Berlin],2021-07-13T16:19:00+02:00[Europe/Berlin],2100,00:35:00,gitoxide,Radicle,"loose ref iteration is ‘loosely’ implemented, some more tests required for comfort though.",,Byron,,0.58
2021-07-14T07:33:00+02:00[Europe/Berlin],2021-07-14T07:45:00+02:00[Europe/Berlin],720,00:12:00,GitPython,Byron,https://github.com/gitpython-developers/GitPython/issues/1287,,Byron,,0.20
2021-07-14T07:45:00+02:00[Europe/Berlin],2021-07-14T07:49:00+02:00[Europe/Berlin],240,00:04:00,GitPython,Byron,https://github.com/gitpython-developers/GitPython/issues/1290,,Byron,,0.07
2021-07-14T07:49:00+02:00[Europe/Berlin],2021-07-14T07:55:00+02:00[Europe/Berlin],360,00:06:00,GitPython,Byron,https://github.com/gitpython-developers/GitPython/issues/1291,,Byron,,0.10
2021-07-14T07:55:00+02:00[Europe/Berlin],2021-07-14T08:05:00+02:00[Europe/Berlin],600,00:10:00,GitPython,Byron,all about nose tests,,Byron,,0.17
2021-07-14T08:05:00+02:00[Europe/Berlin],2021-07-14T08:43:00+02:00[Europe/Berlin],2280,00:38:00,maintenance,Byron,https://github.com/Byron/dua-cli/pull/98,,Byron,,0.63
2021-07-14T11:39:00+02:00[Europe/Berlin],2021-07-14T11:52:00+02:00[Europe/Berlin],780,00:13:00,gitoxide,Radicle,Reply (and ‘unblock’) PRs to be made for `blocking` crate: https://github.com/smol-rs/blocking/issues/19,,Byron,,0.22
2021-07-14T14:43:00+02:00[Europe/Berlin],2021-07-14T16:07:00+02:00[Europe/Berlin],5040,01:24:00,gitoxide,Radicle,finish loose refs iteration,,Byron,,1.40
2021-07-14T16:35:00+02:00[Europe/Berlin],2021-07-14T16:59:00+02:00[Europe/Berlin],1440,00:24:00,gitoxide,Radicle,prepare packed refs binary search,,Byron,,0.40
2021-07-14T20:58:00+02:00[Europe/Berlin],2021-07-14T21:29:00+02:00[Europe/Berlin],1860,00:31:00,gitoxide,Radicle,"Fix windows ref iteration, probably",,Byron,,0.52
2021-07-14T21:35:00+02:00[Europe/Berlin],2021-07-14T21:56:00+02:00[Europe/Berlin],1260,00:21:00,gitoxide,Radicle,fix windows for good (and for now),,Byron,,0.35
2021-07-15T11:00:00+02:00[Europe/Berlin],2021-07-15T11:47:00+02:00[Europe/Berlin],2820,00:47:00,maintenance,Byron,prepare to ditch homebrew for nix,,Byron,,0.78
2021-07-15T11:47:00+02:00[Europe/Berlin],2021-07-15T12:05:00+02:00[Europe/Berlin],1080,00:18:00,maintenance,Byron,https://github.com/Byron/gitoxide/discussions/122,,Byron,,0.30
2021-07-15T13:01:00+02:00[Europe/Berlin],2021-07-15T14:02:00+02:00[Europe/Berlin],3660,01:01:00,gitoxide,Radicle,refactor; assure packed-refs are actually sorted without forcing to sort them (it’s legacy),,Byron,,1.02
2021-07-15T14:23:00+02:00[Europe/Berlin],2021-07-15T16:56:00+02:00[Europe/Berlin],9180,02:33:00,gitoxide,Radicle,"packed-ref lookup works, but correct name lookup rules are still to be handled",,Byron,,2.55
2021-07-15T18:13:00+02:00[Europe/Berlin],2021-07-15T18:21:00+02:00[Europe/Berlin],480,00:08:00,GitPython,Byron,https://github.com/gitpython-developers/GitPython/issues/621,,Byron,,0.13
2021-07-15T19:18:00+02:00[Europe/Berlin],2021-07-15T19:25:00+02:00[Europe/Berlin],420,00:07:00,gitoxide,Byron,https://github.com/Byron/gitoxide/discussions/124,,Byron,,0.12
2021-07-16T09:31:00+02:00[Europe/Berlin],2021-07-16T10:02:00+02:00[Europe/Berlin],1860,00:31:00,gitoxide,Byron,https://github.com/esrlabs/josh,,Byron,,0.52
2021-07-16T14:43:00+02:00[Europe/Berlin],2021-07-16T15:04:00+02:00[Europe/Berlin],1260,00:21:00,maintenance,Byron,https://github.com/Byron/open-rs/pull/33#pullrequestreview-708054695,,Byron,,0.35
2021-07-16T15:04:00+02:00[Europe/Berlin],2021-07-16T15:20:00+02:00[Europe/Berlin],960,00:16:00,maintenance,Byron,https://github.com/Byron/open-rs/pull/32,,Byron,,0.27
2021-07-16T16:31:00+02:00[Europe/Berlin],2021-07-16T16:42:00+02:00[Europe/Berlin],660,00:11:00,gitoxide,Byron,https://github.com/Byron/gitoxide/pull/125,,Byron,,0.18
2021-07-16T16:42:00+02:00[Europe/Berlin],2021-07-16T16:58:00+02:00[Europe/Berlin],960,00:16:00,gitoxide,Radicle,test case for lookup rules and some research,,Byron,,0.27
2021-07-16T18:27:00+02:00[Europe/Berlin],2021-07-16T18:34:00+02:00[Europe/Berlin],420,00:07:00,gitoxide,Byron,https://github.com/Byron/gitoxide/pull/126,,Byron,,0.12
2021-07-16T18:34:00+02:00[Europe/Berlin],2021-07-16T18:44:00+02:00[Europe/Berlin],600,00:10:00,GitPython,Byron,https://github.com/gitpython-developers/GitPython/discussions/1293,,Byron,,0.17
2021-07-16T18:44:00+02:00[Europe/Berlin],2021-07-16T19:03:00+02:00[Europe/Berlin],1140,00:19:00,gitoxide,Radicle,impl packed-refs lookup rule; more test cases required though,,Byron,,0.32
2021-07-17T10:14:00+02:00[Europe/Berlin],2021-07-17T10:26:00+02:00[Europe/Berlin],720,00:12:00,gitoxide,Byron,https://github.com/RustCrypto/asm-hashes/pull/39,,Byron,,0.20
2021-07-17T10:26:00+02:00[Europe/Berlin],2021-07-17T10:43:00+02:00[Europe/Berlin],1020,00:17:00,maintenance,Byron,https://github.com/Byron/open-rs/pull/33,,Byron,,0.28
2021-07-17T11:08:00+02:00[Europe/Berlin],2021-07-17T11:18:00+02:00[Europe/Berlin],600,00:10:00,gitoxide,Byron,https://github.com/Byron/gitoxide/discussions/129,,Byron,,0.17
2021-07-17T11:20:00+02:00[Europe/Berlin],2021-07-17T12:00:00+02:00[Europe/Berlin],2400,00:40:00,gitoxide,Byron,"https://github.com/Byron/gitoxide/pull/127, mixed with family time",,Byron,,0.67
2021-07-17T12:46:00+02:00[Europe/Berlin],2021-07-17T13:03:00+02:00[Europe/Berlin],1020,00:17:00,gitoxide,Radicle,proper header handling in packed refs,,Byron,,0.28
2021-07-17T13:56:00+02:00[Europe/Berlin],2021-07-17T14:13:00+02:00[Europe/Berlin],1020,00:17:00,gitoxide,Radicle,more tests,,Byron,,0.28
2021-07-17T14:27:00+02:00[Europe/Berlin],2021-07-17T15:18:00+02:00[Europe/Berlin],3060,00:51:00,gitoxide,Radicle,Binary search lookup rules along with a little performance test. 6mio refs per second is probably fast enough for now.,,Byron,,0.85
2021-07-17T21:06:00+02:00[Europe/Berlin],2021-07-17T21:47:00+02:00[Europe/Berlin],2460,00:41:00,gitoxide,Radicle,packed-refs prefix iteration,,Byron,,0.68
2021-07-18T12:32:00+02:00[Europe/Berlin],2021-07-18T12:47:00+02:00[Europe/Berlin],900,00:15:00,gitoxide,Radicle,prepare combined iteration,,Byron,,0.25
2021-07-18T13:16:00+02:00[Europe/Berlin],2021-07-18T14:31:00+02:00[Europe/Berlin],4500,01:15:00,gitoxide,Radicle,sketch out everything else so the actual iteration can be implemented.,,Byron,,1.25
2021-07-18T14:39:00+02:00[Europe/Berlin],2021-07-18T14:58:00+02:00[Europe/Berlin],1140,00:19:00,gitoxide,Radicle,"research git to realize they sort fs iteration on the fly, and that walkdir/jwalk can also do that.",,Byron,,0.32
2021-07-18T15:30:00+02:00[Europe/Berlin],2021-07-18T16:10:00+02:00[Europe/Berlin],2400,00:40:00,gitoxide,Radicle,overlay it nearly done,,Byron,,0.67
2021-07-18T17:43:00+02:00[Europe/Berlin],2021-07-18T18:51:00+02:00[Europe/Berlin],4080,01:08:00,gitoxide,Radicle,"Overlay filter done, without prefix",,Byron,,1.13
2021-07-18T18:58:00+02:00[Europe/Berlin],2021-07-18T19:51:00+02:00[Europe/Berlin],3180,00:53:00,gitoxide,Radicle,overlay with prefix; windows fixes still outstanding,,Byron,,0.88
2021-07-18T20:31:00+02:00[Europe/Berlin],2021-07-18T20:42:00+02:00[Europe/Berlin],660,00:11:00,gitoxide,Radicle,"Hopefully fix windows build for good, legitimate issue. Always these paths…",,Byron,,0.18
2021-07-18T22:30:00+02:00[Europe/Berlin],2021-07-18T22:33:00+02:00[Europe/Berlin],180,00:03:00,gitoxide,Radicle,"fix windows build, hopefully",,Byron,,0.05
2021-07-19T07:52:00+02:00[Europe/Berlin],2021-07-19T08:18:00+02:00[Europe/Berlin],1560,00:26:00,gitoxide,Byron,Upgrade to latest sha-1 release to unlock ASM power,,Byron,,0.43
2021-07-19T08:19:00+02:00[Europe/Berlin],2021-07-19T08:32:00+02:00[Europe/Berlin],780,00:13:00,gitoxide,Byron,Study mygit for oxidization,,Byron,,0.22
2021-07-19T08:33:00+02:00[Europe/Berlin],2021-07-19T08:35:00+02:00[Europe/Berlin],120,00:02:00,GitPython,Byron,https://github.com/gitpython-developers/GitPython/issues/562#issuecomment-882144064,,Byron,,0.03
2021-07-19T08:35:00+02:00[Europe/Berlin],2021-07-19T09:01:00+02:00[Europe/Berlin],1560,00:26:00,gitoxide,Radicle,sketch `find()` refs API with optional packed refs support.,,Byron,,0.43
2021-07-19T10:41:00+02:00[Europe/Berlin],2021-07-19T11:22:00+02:00[Europe/Berlin],2460,00:41:00,gitoxide,Radicle,"More perf testing for Sha1 ASM, fix windows build.",,Byron,,0.68
2021-07-19T11:42:00+02:00[Europe/Berlin],2021-07-19T12:07:00+02:00[Europe/Berlin],1500,00:25:00,gitoxide,Radicle,keep trying to fix build issue on windows.,,Byron,,0.42
2021-07-19T12:19:00+02:00[Europe/Berlin],2021-07-19T12:30:00+02:00[Europe/Berlin],660,00:11:00,gitoxide,Radicle,"Wrap up windows build error: https://github.com/RustCrypto/hashes/pull/289#issuecomment-882227285 , seek help, move on. Good to know Sha1 can now be very fast.",,Byron,,0.18
2021-07-19T14:11:00+02:00[Europe/Berlin],2021-07-19T14:26:00+02:00[Europe/Berlin],900,00:15:00,gitoxide,Byron,"update tasks list, figure out how to incorporate new contributors.",,Byron,,0.25
2021-07-19T14:33:00+02:00[Europe/Berlin],2021-07-19T15:22:00+02:00[Europe/Berlin],2940,00:49:00,gitoxide,Radicle,"packed-ref lookup for ‘find’ is performed, how should the data be stored now?",,Byron,,0.82
2021-07-19T15:31:00+02:00[Europe/Berlin],2021-07-19T15:57:00+02:00[Europe/Berlin],1560,00:26:00,gitoxide,Radicle,"get everything in place for find() with packed support, solve all other API riddles beforehand.",,Byron,,0.43
2021-07-19T19:15:00+02:00[Europe/Berlin],2021-07-19T20:01:00+02:00[Europe/Berlin],2760,00:46:00,gitoxide,Radicle,refactormania,,Byron,,0.77
2021-07-19T21:39:00+02:00[Europe/Berlin],2021-07-19T22:17:00+02:00[Europe/Berlin],2280,00:38:00,gitoxide,Radicle,"fix build , needs more tests, update Kim",,Byron,,0.63
2021-07-19T22:57:00+02:00[Europe/Berlin],2021-07-19T23:04:00+02:00[Europe/Berlin],420,00:07:00,gitoxide,Byron,https://github.com/RustCrypto/hashes/pull/289#issuecomment-882619710,,Byron,,0.12
2021-07-19T23:04:00+02:00[Europe/Berlin],2021-07-19T23:26:00+02:00[Europe/Berlin],1320,00:22:00,GitPython,Byron,https://github.com/gitpython-developers/GitPython/pull/1294,,Byron,,0.37
2021-07-19T23:26:00+02:00[Europe/Berlin],2021-07-19T23:31:00+02:00[Europe/Berlin],300,00:05:00,GitPython,Byron,https://github.com/gitpython-developers/GitPython/issues/642,,Byron,,0.08
2021-07-19T23:31:00+02:00[Europe/Berlin],2021-07-19T23:37:00+02:00[Europe/Berlin],360,00:06:00,gitoxide,Radicle,https://github.com/radicle-dev/radicle-link/pull/724#discussion_r672410390,,Byron,,0.10
2021-07-20T07:36:00+02:00[Europe/Berlin],2021-07-20T08:44:00+02:00[Europe/Berlin],4080,01:08:00,gitoxide,Radicle,https://github.com/Byron/gitoxide/projects/1#card-64313808,,Byron,,1.13
2021-07-20T12:23:00+02:00[Europe/Berlin],2021-07-20T13:32:00+02:00[Europe/Berlin],4140,01:09:00,gitoxide,Radicle,continue refactorama,,Byron,,1.15
2021-07-20T14:02:00+02:00[Europe/Berlin],2021-07-20T15:27:00+02:00[Europe/Berlin],5100,01:25:00,gitoxide,Radicle,"A whole lot of refactoring done, now for missing tests",,Byron,,1.42
2021-07-20T15:41:00+02:00[Europe/Berlin],2021-07-20T16:25:00+02:00[Europe/Berlin],2640,00:44:00,gitoxide,Radicle,get rid of todo! in code with tests,,Byron,,0.73
2021-07-20T19:31:00+02:00[Europe/Berlin],2021-07-20T21:37:00+02:00[Europe/Berlin],7560,02:06:00,gitoxide,Radicle,"nearly done with refactoring, getting there",,Byron,,2.10
2021-07-20T22:32:00+02:00[Europe/Berlin],2021-07-20T22:57:00+02:00[Europe/Berlin],1500,00:25:00,gitoxide,Radicle,"Finish all todos, refs are down to one item which probably is some work, too",,Byron,,0.42
2021-07-21T10:40:00+02:00[Europe/Berlin],2021-07-21T11:49:00+02:00[Europe/Berlin],4140,01:09:00,gitoxide,GitHub Sponsors,Study what to do; mild refactors; figure out how to do deltas,,Byron,,1.15
2021-07-21T13:37:00+02:00[Europe/Berlin],2021-07-21T14:40:00+02:00[Europe/Berlin],3780,01:03:00,gitoxide,GitHub Sponsors,Prepare for a ‘the new and old’ pack mode to be implemented.,,Byron,,1.05
2021-07-21T14:59:00+02:00[Europe/Berlin],2021-07-21T17:00:00+02:00[Europe/Berlin],7260,02:01:00,gitoxide,GitHub Sponsors,"a lot of progress building deltas into packs, even though it’s still quite some work left here.",,Byron,,2.02
2021-07-21T20:22:00+02:00[Europe/Berlin],2021-07-21T21:37:00+02:00[Europe/Berlin],4500,01:15:00,gitoxide,GitHub Sponsors,,,Byron,,1.25
2021-07-21T21:43:00+02:00[Europe/Berlin],2021-07-21T22:52:00+02:00[Europe/Berlin],4140,01:09:00,gitoxide,GitHub Sponsors,thin pack support for pack generator,,Byron,,1.15
2021-07-22T08:55:00+02:00[Europe/Berlin],2021-07-22T09:07:00+02:00[Europe/Berlin],720,00:12:00,gitoxide,GitHub Sponsors,start making output entry serialization delta aware,,Byron,,0.20
2021-07-22T10:17:00+02:00[Europe/Berlin],2021-07-22T12:06:00+02:00[Europe/Berlin],6540,01:49:00,gitoxide,GitHub Sponsors,Try to figure out why the linux pack isn’t working; test performance to realize git is much faster with a single thread.,,Byron,,1.82
2021-07-22T12:58:00+02:00[Europe/Berlin],2021-07-22T15:02:00+02:00[Europe/Berlin],7440,02:04:00,gitoxide,GitHub Sponsors,"Nearly fixed the issue of the bad-objects in some repositories, but it’s still racy even though I thought that was solved now.",,Byron,,2.07
2021-07-22T15:07:00+02:00[Europe/Berlin],2021-07-22T15:47:00+02:00[Europe/Berlin],2400,00:40:00,gitoxide,GitHub Sponsors,Wrap up this pack generation session,,Byron,,0.67
2021-07-22T15:47:00+02:00[Europe/Berlin],2021-07-22T16:46:00+02:00[Europe/Berlin],3540,00:59:00,gitoxide,Radicle,First sketch of thin pack resolving and test,,Byron,,0.98
2021-07-22T20:09:00+02:00[Europe/Berlin],2021-07-22T22:03:00+02:00[Europe/Berlin],6840,01:54:00,gitoxide,Radicle,"First version of thin-pack resolution, but it doesn’t quite work yet.",,Byron,,1.90
2021-07-22T22:06:00+02:00[Europe/Berlin],2021-07-22T22:15:00+02:00[Europe/Berlin],540,00:09:00,gitoxide,GitHub Sponsors,timesheets,,Byron,,0.15
2021-07-22T22:22:00+02:00[Europe/Berlin],2021-07-22T23:29:00+02:00[Europe/Berlin],4020,01:07:00,gitoxide,GitHub Sponsors,sponsor update,,Byron,,1.12
2021-07-23T07:57:00+02:00[Europe/Berlin],2021-07-23T08:14:00+02:00[Europe/Berlin],1020,00:17:00,GitPython,Byron,https://github.com/gitpython-developers/GitPython/issues/1095#issuecomment-885317123,,Byron,,0.28
2021-07-23T11:14:00+02:00[Europe/Berlin],2021-07-23T11:55:00+02:00[Europe/Berlin],2460,00:41:00,gitoxide,Radicle,first test for ref delta resolver,,Byron,,0.68
2021-07-23T15:27:00+02:00[Europe/Berlin],2021-07-23T16:56:00+02:00[Europe/Berlin],5340,01:29:00,gitoxide,Radicle,"Get to correct computation slowly, it’s easy to get this wrong but Rust helps.",,Byron,,1.48
2021-07-23T19:06:00+02:00[Europe/Berlin],2021-07-23T19:34:00+02:00[Europe/Berlin],1680,00:28:00,gitoxide,Radicle,more testing,,Byron,,0.47
2021-07-23T20:07:00+02:00[Europe/Berlin],2021-07-23T21:26:00+02:00[Europe/Berlin],4740,01:19:00,gitoxide,Radicle,"lots of refactoring, test to trigger todo; getting there, but definitely there won’t be perfect test coverage, but implied coverage will do",,Byron,,1.32
2021-07-23T21:53:00+02:00[Europe/Berlin],2021-07-23T22:58:00+02:00[Europe/Berlin],3900,01:05:00,gitoxide,Radicle,"Try to get the standard case working to have basic thin pack resolution, but it wouldn’t work yet.",,Byron,,1.08
2021-07-24T08:54:00+02:00[Europe/Berlin],2021-07-24T08:58:00+02:00[Europe/Berlin],240,00:04:00,maintenance,Byron,https://github.com/Byron/dua-cli/issues/99#issuecomment-885978149,,Byron,,0.07
2021-07-24T08:58:00+02:00[Europe/Berlin],2021-07-24T09:00:00+02:00[Europe/Berlin],120,00:02:00,maintenance,Byron,https://github.com/Byron/open-rs/issues/10#issuecomment-885978373,,Byron,,0.03
2021-07-24T09:01:00+02:00[Europe/Berlin],2021-07-24T09:09:00+02:00[Europe/Berlin],480,00:08:00,GitPython,Byron,https://github.com/gitpython-developers/GitPython/issues/1095#issuecomment-885980064,,Byron,,0.13
2021-07-24T09:10:00+02:00[Europe/Berlin],2021-07-24T09:27:00+02:00[Europe/Berlin],1020,00:17:00,gitoxide,Radicle,"Fix thin pack issue, find a new one",,Byron,,0.28
2021-07-24T10:30:00+02:00[Europe/Berlin],2021-07-24T11:28:00+02:00[Europe/Berlin],3480,00:58:00,gitoxide,Radicle,Figure out why thin-pack bundles can’t be resolved. Answer: they are using their shifted offsets for resolution in a pack that uses unshifted offsets. That can be fixed though.,,Byron,,0.97
2021-07-24T17:19:00+02:00[Europe/Berlin],2021-07-24T18:19:00+02:00[Europe/Berlin],3600,01:00:00,gitoxide,Radicle,prepare the stage for yet another way of writing packs - no write-through but writing of input entries instead.,,Byron,,1
2021-07-24T19:30:00+02:00[Europe/Berlin],2021-07-24T20:07:00+02:00[Europe/Berlin],2220,00:37:00,gitoxide,Radicle,an iterator writing input::Entries to disk; discover that it can’t know the amount of objects written.,,Byron,,0.62
2021-07-24T20:08:00+02:00[Europe/Berlin],2021-07-24T20:51:00+02:00[Europe/Berlin],2580,00:43:00,gitoxide,Radicle,Proof of concept that injection of entries actually works.,,Byron,,0.72
2021-07-25T10:12:00+02:00[Europe/Berlin],2021-07-25T10:20:00+02:00[Europe/Berlin],480,00:08:00,GitPython,Byron,https://github.com/gitpython-developers/GitPython/issues/1095,,Byron,,0.13
2021-07-25T10:20:00+02:00[Europe/Berlin],2021-07-25T10:23:00+02:00[Europe/Berlin],180,00:03:00,GitPython,Byron,https://github.com/gitpython-developers/GitPython/pull/1298,,Byron,,0.05
2021-07-25T10:23:00+02:00[Europe/Berlin],2021-07-25T10:43:00+02:00[Europe/Berlin],1200,00:20:00,maintenance,Byron,https://github.com/Byron/open-rs/pull/35,,Byron,,0.33
2021-07-25T10:44:00+02:00[Europe/Berlin],2021-07-25T10:47:00+02:00[Europe/Berlin],180,00:03:00,maintenance,Byron,release patch of dua-cli for using open v2,,Byron,,0.05
2021-07-25T10:47:00+02:00[Europe/Berlin],2021-07-25T11:01:00+02:00[Europe/Berlin],840,00:14:00,gitoxide,Byron,https://github.com/Byron/gitoxide/discussions/133,,Byron,,0.23
2021-07-25T11:01:00+02:00[Europe/Berlin],2021-07-25T11:09:00+02:00[Europe/Berlin],480,00:08:00,gitoxide,Radicle,https://github.com/radicle-dev/radicle-link/pull/724#discussion_r676074957,,Byron,,0.13
2021-07-25T11:09:00+02:00[Europe/Berlin],2021-07-25T11:31:00+02:00[Europe/Berlin],1320,00:22:00,gitoxide,Radicle,Reply Kim’s email (in response to the sponsor update),,Byron,,0.37
2021-07-25T14:05:00+02:00[Europe/Berlin],2021-07-25T16:08:00+02:00[Europe/Berlin],7380,02:03:00,gitoxide,Radicle,"thin-pack support for writing packs, all tests green.",,Byron,,2.05
2021-07-26T13:34:00+02:00[Europe/Berlin],2021-07-26T13:36:00+02:00[Europe/Berlin],120,00:02:00,maintenance,Byron,https://github.com/Byron/open-rs/pull/35#issuecomment-886391302,,Byron,,0.03
2021-07-26T14:02:00+02:00[Europe/Berlin],2021-07-26T15:19:00+02:00[Europe/Berlin],4620,01:17:00,gitoxide,Radicle,prepare file transaction to use packed refs if needed,,Byron,,1.28
2021-07-26T15:29:00+02:00[Europe/Berlin],2021-07-26T15:58:00+02:00[Europe/Berlin],1740,00:29:00,gitoxide,Radicle,on the way to requiring packed transactions in loose transactions and triggering a todo!,,Byron,,0.48
2021-07-26T19:23:00+02:00[Europe/Berlin],2021-07-26T22:11:00+02:00[Europe/Berlin],10080,02:48:00,gitoxide,Radicle,"A decent sketch for packed transactions, lots of refactoring, many tests missing",,Byron,,2.80
2021-07-27T07:59:00+02:00[Europe/Berlin],2021-07-27T08:33:00+02:00[Europe/Berlin],2040,00:34:00,gitoxide,Radicle,https://github.com/Byron/gitoxide/issues/135#issuecomment-887119458,,Byron,,0.57
2021-07-27T10:18:00+02:00[Europe/Berlin],2021-07-27T10:52:00+02:00[Europe/Berlin],2040,00:34:00,gitoxide,Radicle,refactor; more efficient acquisition of packed refs,,Byron,,0.57
2021-07-27T11:30:00+02:00[Europe/Berlin],2021-07-27T12:10:00+02:00[Europe/Berlin],2400,00:40:00,gitoxide,Radicle,"allow creation of new packed-refs files, too, prepare tests",,Byron,,0.67
2021-07-27T14:20:00+02:00[Europe/Berlin],2021-07-27T16:20:00+02:00[Europe/Berlin],7200,02:00:00,gitoxide,Radicle,"in the belly of proper, competitive packed-refs rewriting",,Byron,,2
2021-07-27T17:45:00+02:00[Europe/Berlin],2021-07-27T17:52:00+02:00[Europe/Berlin],420,00:07:00,GitPython,Byron,https://github.com/gitpython-developers/GitPython/pull/1299,,Byron,,0.12
2021-07-27T17:52:00+02:00[Europe/Berlin],2021-07-27T17:58:00+02:00[Europe/Berlin],360,00:06:00,gitoxide,Radicle,"catch up on Kim’s reply to email, look into packed ref deletion order",,Byron,,0.10
2021-07-27T20:49:00+02:00[Europe/Berlin],2021-07-27T20:51:00+02:00[Europe/Berlin],120,00:02:00,GitPython,Byron,https://github.com/gitpython-developers/GitPython/pull/1299#issuecomment-887484403,,Byron,,0.03
2021-07-27T20:57:00+02:00[Europe/Berlin],2021-07-27T22:15:00+02:00[Europe/Berlin],4680,01:18:00,gitoxide,Radicle,Fix transaction operation order; the first deletions that handle packed refs. many more tests and todos to go.,,Byron,,1.30
2021-07-28T09:47:00+02:00[Europe/Berlin],2021-07-28T10:03:00+02:00[Europe/Berlin],960,00:16:00,GitPython,Byron,https://github.com/gitpython-developers/GitPython/issues/1095,,Byron,,0.27
2021-07-28T10:04:00+02:00[Europe/Berlin],2021-07-28T10:14:00+02:00[Europe/Berlin],600,00:10:00,gitoxide,Byron,Answer question on keybase related to git-packetline,,Byron,,0.17
2021-07-28T10:15:00+02:00[Europe/Berlin],2021-07-28T11:33:00+02:00[Europe/Berlin],4680,01:18:00,gitoxide,Radicle,review PR https://github.com/radicle-dev/radicle-link/pull/724#pullrequestreview-716535009,,Byron,,1.30
2021-07-28T11:33:00+02:00[Europe/Berlin],2021-07-28T11:44:00+02:00[Europe/Berlin],660,00:11:00,gitoxide,Radicle,https://github.com/Byron/gitoxide/issues/135,,Byron,,0.18
2021-07-28T11:44:00+02:00[Europe/Berlin],2021-07-28T12:00:00+02:00[Europe/Berlin],960,00:16:00,gitoxide,Radicle,Reply to Kim’s email,,Byron,,0.27
2021-07-28T14:10:00+02:00[Europe/Berlin],2021-07-28T14:18:00+02:00[Europe/Berlin],480,00:08:00,GitPython,Byron,https://github.com/gitpython-developers/GitPython/issues/1095#issuecomment-888043188,,Byron,,0.13
2021-07-28T14:19:00+02:00[Europe/Berlin],2021-07-28T15:13:00+02:00[Europe/Berlin],3240,00:54:00,gitoxide,Radicle,Try new way of working with checkboxes/issues while adding more tests to packed refs. Review Kims PR changes,,Byron,,0.90
2021-07-28T15:14:00+02:00[Europe/Berlin],2021-07-28T15:16:00+02:00[Europe/Berlin],120,00:02:00,GitPython,Byron,https://github.com/gitpython-developers/GitPython/issues/1095#issuecomment-888073588,,Byron,,0.03
2021-07-28T15:54:00+02:00[Europe/Berlin],2021-07-28T16:59:00+02:00[Europe/Berlin],3900,01:05:00,gitoxide,Radicle,"prepare update packed refs impl; tests, refator",,Byron,,1.08
2021-07-28T19:33:00+02:00[Europe/Berlin],2021-07-28T20:04:00+02:00[Europe/Berlin],1860,00:31:00,gitoxide,Radicle,Write through of non-symbolic ref updates to packed-refs,,Byron,,0.52
2021-07-28T21:45:00+02:00[Europe/Berlin],2021-07-28T22:38:00+02:00[Europe/Berlin],3180,00:53:00,gitoxide,Radicle,Prototype getting access to object resolution for packed-ref peeling.,,Byron,,0.88
2021-07-29T11:01:00+02:00[Europe/Berlin],2021-07-29T11:04:00+02:00[Europe/Berlin],180,00:03:00,GitPython,Byron,https://github.com/gitpython-developers/GitPython/pull/1301,,Byron,,0.05
2021-07-29T11:04:00+02:00[Europe/Berlin],2021-07-29T11:11:00+02:00[Europe/Berlin],420,00:07:00,GitPython,Byron,https://github.com/gitpython-developers/GitPython/issues/1095,,Byron,,0.12
2021-07-29T11:31:00+02:00[Europe/Berlin],2021-07-29T12:09:00+02:00[Europe/Berlin],2280,00:38:00,gitoxide,Radicle,"refactor tag peeling, decent test for packed-refs creation as well as pruning loose refs.",,Byron,,0.63
2021-07-29T13:52:00+02:00[Europe/Berlin],2021-07-29T14:27:00+02:00[Europe/Berlin],2100,00:35:00,gitoxide,Radicle,loose refs deletion,,Byron,,0.58
2021-07-29T14:48:00+02:00[Europe/Berlin],2021-07-29T16:28:00+02:00[Europe/Berlin],6000,01:40:00,gitoxide,Radicle,Finish packed ref writing and optionally pruning of the originating loose refs. Prep next task,,Byron,,1.67
2021-07-29T19:23:00+02:00[Europe/Berlin],2021-07-29T19:43:00+02:00[Europe/Berlin],1200,00:20:00,gitoxide,Radicle,refactor; prepare peeling tags as well.,,Byron,,0.33
2021-07-29T20:04:00+02:00[Europe/Berlin],2021-07-29T21:20:00+02:00[Europe/Berlin],4560,01:16:00,gitoxide,Radicle,https://github.com/Byron/gitoxide/issues/140,,Byron,,1.27
2021-07-30T07:31:00+02:00[Europe/Berlin],2021-07-30T08:14:00+02:00[Europe/Berlin],2580,00:43:00,gitoxide,Byron,Upgrade to Rust 1.54 (fix clippy lints); clippy for tests,,Byron,,0.72
2021-07-30T08:15:00+02:00[Europe/Berlin],2021-07-30T08:21:00+02:00[Europe/Berlin],360,00:06:00,gitoxide,Byron,https://github.com/Byron/gitoxide/issues/144,,Byron,,0.10
2021-07-30T08:22:00+02:00[Europe/Berlin],2021-07-30T08:43:00+02:00[Europe/Berlin],1260,00:21:00,gitoxide,Byron,research and act on incremental builds,,Byron,,0.35
2021-07-30T08:44:00+02:00[Europe/Berlin],2021-07-30T08:52:00+02:00[Europe/Berlin],480,00:08:00,maintenance,Byron,criner updates,,Byron,,0.13
2021-07-30T08:53:00+02:00[Europe/Berlin],2021-07-30T09:00:00+02:00[Europe/Berlin],420,00:07:00,maintenance,Byron,update dua-cli,,Byron,,0.12
2021-07-31T09:34:00+02:00[Europe/Berlin],2021-07-31T09:54:00+02:00[Europe/Berlin],1200,00:20:00,maintenance,Byron,https://github.com/Byron/crates-index-diff-rs/pull/11,,Byron,,0.33
2021-07-31T10:23:00+02:00[Europe/Berlin],2021-07-31T10:32:00+02:00[Europe/Berlin],540,00:09:00,gitoxide,Radicle,https://github.com/Byron/gitoxide/pull/145,,Byron,,0.15
2021-08-03T16:12:00+02:00[Europe/Berlin],2021-08-03T16:16:00+02:00[Europe/Berlin],240,00:04:00,GitPython,Byron,https://github.com/gitpython-developers/GitPython/discussions/1313,,Byron,,0.07
2021-08-04T15:55:00+02:00[Europe/Berlin],2021-08-04T16:08:00+02:00[Europe/Berlin],780,00:13:00,maintenance,Byron,https://github.com/Byron/google-apis-rs/issues/291#issuecomment-892456820,,Byron,,0.22
2021-08-04T16:10:00+02:00[Europe/Berlin],2021-08-04T16:40:00+02:00[Europe/Berlin],1800,00:30:00,GitPython,Byron,https://github.com/gitpython-developers/GitPython/pull/1314; https://github.com/gitpython-developers/GitPython/pull/1314#pullrequestreview-721509513 - and general catchup,,Byron,,0.50
2021-08-04T17:00:00+02:00[Europe/Berlin],2021-08-04T17:26:00+02:00[Europe/Berlin],1560,00:26:00,maintenance,Byron,tui upgrade,,Byron,,0.43
2021-08-05T17:18:00+02:00[Europe/Berlin],2021-08-05T18:00:00+02:00[Europe/Berlin],2520,00:42:00,maintenance,Byron,tui-upgrade; dua-cli release,,Byron,,0.70
2021-08-08T10:27:00+02:00[Europe/Berlin],2021-08-08T10:36:00+02:00[Europe/Berlin],540,00:09:00,maintenance,Byron,upgrade to tui 16,,Byron,,0.15
2021-08-08T10:37:00+02:00[Europe/Berlin],2021-08-08T10:45:00+02:00[Europe/Berlin],480,00:08:00,gitoxide,Byron,https://github.com/Byron/gitoxide/discussions/93#discussioncomment-1143589,,Byron,,0.13
2021-08-08T10:45:00+02:00[Europe/Berlin],2021-08-08T10:54:00+02:00[Europe/Berlin],540,00:09:00,maintenance,Byron,Catch up on emails,,Byron,,0.15
2021-08-08T10:54:00+02:00[Europe/Berlin],2021-08-08T11:15:00+02:00[Europe/Berlin],1260,00:21:00,gitoxide,Byron,https://github.com/Byron/gitoxide/discussions/151?converting=1#discussioncomment-1143615,,Byron,,0.35
2021-08-08T11:16:00+02:00[Europe/Berlin],2021-08-08T12:08:00+02:00[Europe/Berlin],3120,00:52:00,gitoxide,Byron,https://github.com/Byron/gitoxide/pull/149#issuecomment-894739726,,Byron,,0.87
2021-08-09T08:54:00+02:00[Europe/Berlin],2021-08-09T08:56:00+02:00[Europe/Berlin],120,00:02:00,GitPython,Byron,https://github.com/gitpython-developers/GitPython/discussions/1316,,Byron,,0.03
2021-08-09T09:40:00+02:00[Europe/Berlin],2021-08-09T11:46:00+02:00[Europe/Berlin],7560,02:06:00,gitoxide,Radicle,namespace expansion and all the research needed to implement it for iteration and transactions in a type-safe manner.,,Byron,,2.10
2021-08-09T13:02:00+02:00[Europe/Berlin],2021-08-09T14:50:00+02:00[Europe/Berlin],6480,01:48:00,gitoxide,Radicle,namespace iteration and namespace stripping,,Byron,,1.80
2021-08-09T15:12:00+02:00[Europe/Berlin],2021-08-09T15:49:00+02:00[Europe/Berlin],2220,00:37:00,gitoxide,Radicle,https://github.com/radicle-dev/radicle-link/pull/741#pullrequestreview-725080852,,Byron,,0.62
2021-08-09T22:07:00+02:00[Europe/Berlin],2021-08-09T23:03:00+02:00[Europe/Berlin],3360,00:56:00,gitoxide,Radicle,https://github.com/radicle-dev/radicle-link/pull/741#discussion_r685274519,,Byron,,0.93
2021-08-10T08:40:00+02:00[Europe/Berlin],2021-08-10T08:42:00+02:00[Europe/Berlin],120,00:02:00,maintenance,Byron,https://github.com/Byron/dua-cli/issues/100,,Byron,,0.03
2021-08-10T08:57:00+02:00[Europe/Berlin],2021-08-10T09:21:00+02:00[Europe/Berlin],1440,00:24:00,gitoxide,Radicle,Prepare impl of namespaced transactions,,Byron,,0.40
2021-08-10T09:34:00+02:00[Europe/Berlin],2021-08-10T10:09:00+02:00[Europe/Berlin],2100,00:35:00,gitoxide,Radicle,namespace rewriting and more tests,,Byron,,0.58
2021-08-10T10:39:00+02:00[Europe/Berlin],2021-08-10T11:04:00+02:00[Europe/Berlin],1500,00:25:00,gitoxide,Radicle,plan next steps,,Byron,,0.42
2021-08-10T11:21:00+02:00[Europe/Berlin],2021-08-10T12:26:00+02:00[Europe/Berlin],3900,01:05:00,gitoxide,Radicle,https://github.com/Byron/gitoxide/issues/153,,Byron,,1.08
2021-08-10T14:32:00+02:00[Europe/Berlin],2021-08-10T15:12:00+02:00[Europe/Berlin],2400,00:40:00,gitoxide,Radicle,discuss next steps with Kim; see what can reasonably be done next while looking forward to upcoming requirements,,Byron,,0.67
2021-08-10T15:40:00+02:00[Europe/Berlin],2021-08-10T16:26:00+02:00[Europe/Berlin],2760,00:46:00,gitoxide,Radicle,"get going with pack-receive upgrades, make it deal with fetches",,Byron,,0.77
2021-08-10T20:24:00+02:00[Europe/Berlin],2021-08-10T20:32:00+02:00[Europe/Berlin],480,00:08:00,gitoxide,Radicle,Look into how to implement gix-fetch best… maybe postpone and do the radicle PR first.,,Byron,,0.13
2021-08-10T20:40:00+02:00[Europe/Berlin],2021-08-10T21:58:00+02:00[Europe/Berlin],4680,01:18:00,gitoxide,Radicle,deploy all crates thus far.,,Byron,,1.30
2021-08-11T07:58:00+02:00[Europe/Berlin],2021-08-11T08:17:00+02:00[Europe/Berlin],1140,00:19:00,gitoxide,Radicle,Plan next steps to minimize duration to upload-pack like functionality while driving gitoxide forward as a a whole.,,Byron,,0.32
2021-08-11T09:36:00+02:00[Europe/Berlin],2021-08-11T09:48:00+02:00[Europe/Berlin],720,00:12:00,maintenance,Byron,https://github.com/Byron/google-apis-rs/issues/293,,Byron,,0.20
2021-08-11T09:48:00+02:00[Europe/Berlin],2021-08-11T09:53:00+02:00[Europe/Berlin],300,00:05:00,GitPython,Byron,https://github.com/gitpython-developers/GitPython/issues/1319#issuecomment-896437434,,Byron,,0.08
2021-08-11T09:53:00+02:00[Europe/Berlin],2021-08-11T12:02:00+02:00[Europe/Berlin],7740,02:09:00,gitoxide,Radicle,release utility to the point where it can (soon) detect if crates actually need a release. cargo-release will do all the release-related work.,,Byron,,2.15
2021-08-11T12:35:00+02:00[Europe/Berlin],2021-08-11T12:48:00+02:00[Europe/Berlin],780,00:13:00,gitoxide,Radicle,https://github.com/radicle-dev/radicle-link/pull/741#discussion_r686488500,,Byron,,0.22
2021-08-11T12:49:00+02:00[Europe/Berlin],2021-08-11T13:19:00+02:00[Europe/Berlin],1800,00:30:00,gitoxide,Radicle,https://github.com/radicle-dev/radicle-link/pull/741#discussion_r686488500 - followup,,Byron,,0.50
2021-08-11T13:20:00+02:00[Europe/Berlin],2021-08-11T13:56:00+02:00[Europe/Berlin],2160,00:36:00,gitoxide,Radicle,"continuation of release utility, still working on detecting if a release is required.",,Byron,,0.60
2021-08-11T14:06:00+02:00[Europe/Berlin],2021-08-11T15:38:00+02:00[Europe/Berlin],5520,01:32:00,gitoxide,Radicle,use `utils release` and realise that the `cargo release` workflow is still too flaky. Probably needs a partial quick&dirty impl of release functionality.,,Byron,,1.53
2021-08-11T15:53:00+02:00[Europe/Berlin],2021-08-11T16:57:00+02:00[Europe/Berlin],3840,01:04:00,gitoxide,Radicle,"edit manifests atomically, on the way.",,Byron,,1.07
2021-08-11T20:19:00+02:00[Europe/Berlin],2021-08-11T20:41:00+02:00[Europe/Berlin],1320,00:22:00,gitoxide,Radicle,read up on https://github.com/sunng87/cargo-release/issues/224 - the issue I experience is well known.,,Byron,,0.37
2021-08-11T20:41:00+02:00[Europe/Berlin],2021-08-11T20:58:00+02:00[Europe/Berlin],1020,00:17:00,gitoxide,Radicle,work through to rewriting manifests,,Byron,,0.28
2021-08-11T21:29:00+02:00[Europe/Berlin],2021-08-11T22:38:00+02:00[Europe/Berlin],4140,01:09:00,gitoxide,Radicle,nearly get to publishing crates,,Byron,,1.15
2021-08-12T07:28:00+02:00[Europe/Berlin],2021-08-12T07:39:00+02:00[Europe/Berlin],660,00:11:00,GitPython,Byron,https://github.com/gitpython-developers/GitPython/issues/1319#issuecomment-897231538,,Byron,,0.18
2021-08-12T07:40:00+02:00[Europe/Berlin],2021-08-12T08:07:00+02:00[Europe/Berlin],1620,00:27:00,gitoxide,Radicle,https://github.com/radicle-dev/radicle-link/pull/741#discussion_r686488500,,Byron,,0.45
2021-08-12T08:23:00+02:00[Europe/Berlin],2021-08-12T09:04:00+02:00[Europe/Berlin],2460,00:41:00,gitoxide,Radicle,release tool can now publish,,Byron,,0.68
2021-08-12T09:51:00+02:00[Europe/Berlin],2021-08-12T12:25:00+02:00[Europe/Berlin],9240,02:34:00,gitoxide,Radicle,cycle checking to detect ‘unsettling’ configuration. Still have to figure out how to best allow resolving this without it being pedantic.,,Byron,,2.57
2021-08-12T12:58:00+02:00[Europe/Berlin],2021-08-12T15:41:00+02:00[Europe/Berlin],9780,02:43:00,gitoxide,Radicle,research group publishing and get to about 70% done,,Byron,,2.72
2021-08-12T15:53:00+02:00[Europe/Berlin],2021-08-12T16:58:00+02:00[Europe/Berlin],3900,01:05:00,gitoxide,Radicle,So close to actually creating a working multi-release,,Byron,,1.08
2021-08-12T18:33:00+02:00[Europe/Berlin],2021-08-12T20:01:00+02:00[Europe/Berlin],5280,01:28:00,gitoxide,Radicle,https://github.com/sunng87/cargo-release/issues/224#issuecomment-897581186,,Byron,,1.47
2021-08-12T21:41:00+02:00[Europe/Berlin],2021-08-12T21:50:00+02:00[Europe/Berlin],540,00:09:00,gitoxide,Byron,,,Byron,,0.15
2021-08-12T21:50:00+02:00[Europe/Berlin],2021-08-12T22:55:00+02:00[Europe/Berlin],3900,01:05:00,gitoxide,Radicle,prepare cargo-smart-release for release and notice that there is an issue with dependency handling. Apparently cargo resolve order isn’t what I think it is.,,Byron,,1.08
2021-08-13T07:50:00+02:00[Europe/Berlin],2021-08-13T08:26:00+02:00[Europe/Berlin],2160,00:36:00,gitoxide,Radicle,refactor smart-release,,Byron,,0.60
2021-08-13T08:52:00+02:00[Europe/Berlin],2021-08-13T11:15:00+02:00[Europe/Berlin],8580,02:23:00,gitoxide,Radicle,"Fix a lot of subtle issues and get closer to release one step at a time. Nearly there, as I work towards releasing cargo-smart-release itself.",,Byron,,2.38
2021-08-13T11:31:00+02:00[Europe/Berlin],2021-08-13T12:40:00+02:00[Europe/Berlin],4140,01:09:00,gitoxide,Radicle,All release lights are set to ‘go’,,Byron,,1.15
2021-08-13T14:16:00+02:00[Europe/Berlin],2021-08-13T16:59:00+02:00[Europe/Berlin],9780,02:43:00,gitoxide,Radicle,cargo-smart-release released using cargo-smart-release,,Byron,,2.72
2021-08-13T20:58:00+02:00[Europe/Berlin],2021-08-13T21:12:00+02:00[Europe/Berlin],840,00:14:00,maintenance,Byron,https://github.com/orhun/git-cliff/issues/1,,Byron,,0.23
2021-08-13T21:12:00+02:00[Europe/Berlin],2021-08-13T21:58:00+02:00[Europe/Berlin],2760,00:46:00,gitoxide,Radicle,Finish up cargo smart-release and publish it,,Byron,,0.77
2021-08-14T09:29:00+02:00[Europe/Berlin],2021-08-14T09:44:00+02:00[Europe/Berlin],900,00:15:00,maintenance,Byron,https://github.com/Byron/dua-cli/issues/101,,Byron,,0.25
2021-08-14T09:46:00+02:00[Europe/Berlin],2021-08-14T09:51:00+02:00[Europe/Berlin],300,00:05:00,maintenance,Byron,https://github.com/orhun/git-cliff/issues/1,,Byron,,0.08
2021-08-15T10:26:00+02:00[Europe/Berlin],2021-08-15T10:37:00+02:00[Europe/Berlin],660,00:11:00,maintenance,Byron,https://github.com/Byron/gitoxide/issues/157; fix build and installation,,Byron,,0.18
2021-08-15T15:14:00+02:00[Europe/Berlin],2021-08-15T15:45:00+02:00[Europe/Berlin],1860,00:31:00,maintenance,Byron,https://github.com/Byron/gitoxide/issues/159,,Byron,,0.52
2021-08-15T19:07:00+02:00[Europe/Berlin],2021-08-15T19:52:00+02:00[Europe/Berlin],2700,00:45:00,gitoxide,Radicle,https://github.com/Byron/gitoxide/issues/157,,Byron,,0.75
2021-08-15T19:52:00+02:00[Europe/Berlin],2021-08-15T20:11:00+02:00[Europe/Berlin],1140,00:19:00,gitoxide,Byron,https://github.com/sunng87/cargo-release/issues/224#issuecomment-899041211,,Byron,,0.32
2021-08-15T20:12:00+02:00[Europe/Berlin],2021-08-15T21:24:00+02:00[Europe/Berlin],4320,01:12:00,gitoxide,Radicle,https://github.com/Byron/gitoxide/issues/160,,Byron,,1.20
2021-08-16T07:27:00+02:00[Europe/Berlin],2021-08-16T07:50:00+02:00[Europe/Berlin],1380,00:23:00,gitoxide,Byron,https://github.com/Byron/gitoxide/pull/161,,Byron,,0.38
2021-08-16T07:50:00+02:00[Europe/Berlin],2021-08-16T08:02:00+02:00[Europe/Berlin],720,00:12:00,maintenance,Byron,https://github.com/the-lean-crate/cargo-diet/issues/7,,Byron,,0.20
2021-08-16T08:03:00+02:00[Europe/Berlin],2021-08-16T08:08:00+02:00[Europe/Berlin],300,00:05:00,maintenance,Byron,https://github.com/Byron/open-rs/pull/36,,Byron,,0.08
2021-08-16T08:12:00+02:00[Europe/Berlin],2021-08-16T08:26:00+02:00[Europe/Berlin],840,00:14:00,gitoxide,Byron,smart-release improvements,,Byron,,0.23
2021-08-16T08:31:00+02:00[Europe/Berlin],2021-08-16T09:28:00+02:00[Europe/Berlin],3420,00:57:00,gitoxide,Radicle,Get started with https://github.com/Byron/gitoxide/issues/162 but spend most time on getting ‘main’ back in order. Contributors are working and aren’t quite aligned yet on what trunk-based means.,,Byron,,0.95
2021-08-16T10:15:00+02:00[Europe/Berlin],2021-08-16T10:33:00+02:00[Europe/Berlin],1080,00:18:00,gitoxide,Byron,https://github.com/Byron/gitoxide/pull/163,,Byron,,0.30
2021-08-16T11:17:00+02:00[Europe/Berlin],2021-08-16T11:33:00+02:00[Europe/Berlin],960,00:16:00,gitoxide,Byron,https://github.com/Byron/gitoxide/pull/163#issuecomment-899188936,,Byron,,0.27
2021-08-16T13:18:00+02:00[Europe/Berlin],2021-08-16T13:21:00+02:00[Europe/Berlin],180,00:03:00,gitoxide,Byron,https://github.com/Byron/gitoxide/pull/163#issuecomment-899222724,,Byron,,0.05
2021-08-16T13:23:00+02:00[Europe/Berlin],2021-08-16T15:59:00+02:00[Europe/Berlin],9360,02:36:00,gitoxide,Radicle,Figure out the basics for Easy-Repository and types to finally get git-repository into a usable state,,Byron,,2.60
2021-08-16T16:36:00+02:00[Europe/Berlin],2021-08-16T16:59:00+02:00[Europe/Berlin],1380,00:23:00,gitoxide,Radicle,Start reply to https://github.com/Byron/gitoxide/pull/163,,Byron,,0.38
2021-08-16T19:26:00+02:00[Europe/Berlin],2021-08-16T19:29:00+02:00[Europe/Berlin],180,00:03:00,maintenance,Byron,https://github.com/proycon/analiticcl/pull/12,,Byron,,0.05
2021-08-16T19:46:00+02:00[Europe/Berlin],2021-08-16T19:59:00+02:00[Europe/Berlin],780,00:13:00,maintenance,Byron,https://github.com/Byron/dua-cli/issues/102,,Byron,,0.22
2021-08-16T19:59:00+02:00[Europe/Berlin],2021-08-16T20:23:00+02:00[Europe/Berlin],1440,00:24:00,gitoxide,Byron,cargo smart-release consistency with cargo-release,,Byron,,0.40
2021-08-16T20:24:00+02:00[Europe/Berlin],2021-08-16T20:50:00+02:00[Europe/Berlin],1560,00:26:00,maintenance,Byron,https://github.com/the-lean-crate/cargo-diet/issues/7,,Byron,,0.43
2021-08-16T20:50:00+02:00[Europe/Berlin],2021-08-16T21:09:00+02:00[Europe/Berlin],1140,00:19:00,gitoxide,Byron,Fix packed-refs bug,,Byron,,0.32
2021-08-16T21:10:00+02:00[Europe/Berlin],2021-08-16T21:20:00+02:00[Europe/Berlin],600,00:10:00,maintenance,Byron,Bring back cargo-diet binary relesaes,,Byron,,0.17
2021-08-16T22:29:00+02:00[Europe/Berlin],2021-08-16T22:40:00+02:00[Europe/Berlin],660,00:11:00,gitoxide,Byron,improved cargo smart-release ergonomics,,Byron,,0.18
2021-08-16T22:44:00+02:00[Europe/Berlin],2021-08-16T23:15:00+02:00[Europe/Berlin],1860,00:31:00,gitoxide,Radicle,Keep sketching and experimenting with a higher level Repository API,,Byron,,0.52
2021-08-17T07:32:00+02:00[Europe/Berlin],2021-08-17T07:51:00+02:00[Europe/Berlin],1140,00:19:00,gitoxide,Radicle,layout work; https://github.com/radicle-dev/radicle-link/pull/752#issuecomment-899890379,,Byron,,0.32
2021-08-17T07:51:00+02:00[Europe/Berlin],2021-08-17T09:23:00+02:00[Europe/Berlin],5520,01:32:00,gitoxide,Radicle,"an API sketch that, thus far, seems to work out. Implementation isn’t really straightforward but it works.",,Byron,,1.53
2021-08-17T10:19:00+02:00[Europe/Berlin],2021-08-17T12:22:00+02:00[Europe/Berlin],7380,02:03:00,gitoxide,Radicle,"Getting there, even though simple things seem quite hard as borrowchk is in the way each step of the way. It makes sense, but needs more RefCell work to truly work out, or maybe it won’t, ever? I hope not.",,Byron,,2.05
2021-08-17T13:01:00+02:00[Europe/Berlin],2021-08-17T13:37:00+02:00[Europe/Berlin],2160,00:36:00,gitoxide,Radicle,fix cache access to see the high-level abstraction is seemingly working,,Byron,,0.60
2021-08-17T13:53:00+02:00[Europe/Berlin],2021-08-17T16:25:00+02:00[Europe/Berlin],9120,02:32:00,gitoxide,Radicle,Figure out how object access will work; smart-release refactoring,,Byron,,2.53
2021-08-17T22:24:00+02:00[Europe/Berlin],2021-08-17T22:49:00+02:00[Europe/Berlin],1500,00:25:00,gitoxide,Radicle,Finish design sketch to the point where it’s clear that it works and is nice/easy to use.,,Byron,,0.42
2021-08-18T08:07:00+02:00[Europe/Berlin],2021-08-18T08:38:00+02:00[Europe/Berlin],1860,00:31:00,gitoxide,Radicle,https://github.com/Byron/gitoxide/pull/163#issuecomment-900720986 https://github.com/radicle-dev/radicle-link/pull/752#issuecomment-900725378,,Byron,,0.52
2021-08-18T09:03:00+02:00[Europe/Berlin],2021-08-18T09:05:00+02:00[Europe/Berlin],120,00:02:00,maintenance,Byron,https://github.com/gitpython-developers/GitPython/discussions/1321,,Byron,,0.03
2021-08-18T09:05:00+02:00[Europe/Berlin],2021-08-18T09:10:00+02:00[Europe/Berlin],300,00:05:00,GitPython,Byron,https://github.com/gitpython-developers/GitPython/pull/1322,,Byron,,0.08
2021-08-18T11:27:00+02:00[Europe/Berlin],2021-08-18T12:14:00+02:00[Europe/Berlin],2820,00:47:00,gitoxide,Radicle,"More experimentation with converting smart-release to using git-repository features. However, certain things shouldn’t be done.",,Byron,,0.78
2021-08-18T14:41:00+02:00[Europe/Berlin],2021-08-18T14:43:00+02:00[Europe/Berlin],120,00:02:00,GitPython,Byron,https://github.com/gitpython-developers/gitdb/issues/72,,Byron,,0.03
2021-08-18T14:46:00+02:00[Europe/Berlin],2021-08-18T16:58:00+02:00[Europe/Berlin],7920,02:12:00,gitoxide,Radicle,"More exploration of the API design space. It’s getting there, and some parts seem to be ‘correct’ already, whereas others still need some work.",,Byron,,2.20
2021-08-18T20:10:00+02:00[Europe/Berlin],2021-08-18T20:26:00+02:00[Europe/Berlin],960,00:16:00,gitoxide,Radicle,Continue sketching types in git-repository,,Byron,,0.27
2021-08-18T20:41:00+02:00[Europe/Berlin],2021-08-18T21:15:00+02:00[Europe/Berlin],2040,00:34:00,gitoxide,Radicle,ObjectRef abstraction seems to be working in smart-release,,Byron,,0.57
2021-08-18T21:22:00+02:00[Europe/Berlin],2021-08-18T23:15:00+02:00[Europe/Berlin],6780,01:53:00,gitoxide,Radicle,"Finish tree path lookup which brings cargo-smart-release close to completion, just one more reference related usage to go.",,Byron,,1.88
2021-08-19T07:50:00+02:00[Europe/Berlin],2021-08-19T07:53:00+02:00[Europe/Berlin],180,00:03:00,gitoxide,Radicle,"Try to fix CI, probably just flakiness.",,Byron,,0.05
2021-08-19T08:18:00+02:00[Europe/Berlin],2021-08-19T08:23:00+02:00[Europe/Berlin],300,00:05:00,GitPython,Byron,https://github.com/gitpython-developers/GitPython/issues/1323; https://github.com/gitpython-developers/GitPython/issues/1324,,Byron,,0.08
2021-08-19T08:32:00+02:00[Europe/Berlin],2021-08-19T08:52:00+02:00[Europe/Berlin],1200,00:20:00,gitoxide,Radicle,start replying to Kim related to stabilization/collaboration,,Byron,,0.33
2021-08-19T10:12:00+02:00[Europe/Berlin],2021-08-19T10:23:00+02:00[Europe/Berlin],660,00:11:00,gitoxide,Radicle,Finish reply: https://github.com/Byron/gitoxide/pull/163#issuecomment-901558545,,Byron,,0.18
2021-08-19T10:24:00+02:00[Europe/Berlin],2021-08-19T11:22:00+02:00[Europe/Berlin],3480,00:58:00,gitoxide,Radicle,"Convert issue to PR, ask for feedback to try new workflow. Some refactoring",,Byron,,0.97
2021-08-19T14:38:00+02:00[Europe/Berlin],2021-08-19T15:52:00+02:00[Europe/Berlin],4440,01:14:00,gitoxide,Radicle,continue on https://github.com/Byron/gitoxide/pull/165,,Byron,,1.23
2021-08-19T15:52:00+02:00[Europe/Berlin],2021-08-19T16:16:00+02:00[Europe/Berlin],1440,00:24:00,gitoxide,Radicle,Reply to various comments on PRs: https://github.com/Byron/gitoxide/pull/163#issuecomment-901707941,,Byron,,0.40
2021-08-19T16:16:00+02:00[Europe/Berlin],2021-08-19T16:58:00+02:00[Europe/Berlin],2520,00:42:00,gitoxide,Radicle,Research typical reference APIs and sketch an own (beginning),,Byron,,0.70
2021-08-19T18:36:00+02:00[Europe/Berlin],2021-08-19T18:44:00+02:00[Europe/Berlin],480,00:08:00,GitPython,Byron,lots of git-db contributions,,Byron,,0.13
2021-08-19T18:44:00+02:00[Europe/Berlin],2021-08-19T20:37:00+02:00[Europe/Berlin],6780,01:53:00,gitoxide,Radicle,https://github.com/Byron/gitoxide/pull/165#issuecomment-901877000 is nearly done,,Byron,,1.88
2021-08-20T07:34:00+02:00[Europe/Berlin],2021-08-20T07:39:00+02:00[Europe/Berlin],300,00:05:00,GitPython,Byron,https://github.com/gitpython-developers/GitPython/issues/1323,,Byron,,0.08
2021-08-20T07:40:00+02:00[Europe/Berlin],2021-08-20T07:48:00+02:00[Europe/Berlin],480,00:08:00,maintenance,Byron,https://github.com/Byron/dua-cli/issues/101#issuecomment-902325919,,Byron,,0.13
2021-08-20T07:49:00+02:00[Europe/Berlin],2021-08-20T08:40:00+02:00[Europe/Berlin],3060,00:51:00,gitoxide,Radicle,"Experiment with a way to get mutable version of the Repository, generically",,Byron,,0.85
2021-08-20T10:04:00+02:00[Europe/Berlin],2021-08-20T11:59:00+02:00[Europe/Berlin],6900,01:55:00,gitoxide,Radicle,"Look into various ways of abstracting over mutable Repositories which lay the foundation for mutating the repo instance as well. After many failures, there is now one ray of light which still has to be followed through all layers. Next: Access2 extensions",,Byron,,1.92
2021-08-20T13:32:00+02:00[Europe/Berlin],2021-08-20T14:47:00+02:00[Europe/Berlin],4500,01:15:00,gitoxide,Radicle,Finish proof of concept of mutable Repository: https://github.com/Byron/gitoxide/pull/165#issuecomment-902466497,,Byron,,1.25
2021-08-20T15:38:00+02:00[Europe/Berlin],2021-08-20T16:57:00+02:00[Europe/Berlin],4740,01:19:00,gitoxide,Radicle,Work on wrapping up git-repository::Easy by preparing docs,,Byron,,1.32
2021-08-20T21:45:00+02:00[Europe/Berlin],2021-08-20T21:47:00+02:00[Europe/Berlin],120,00:02:00,maintenance,Byron,https://github.com/Byron/dua-cli/issues/96#issuecomment-902373386,,Byron,,0.03
2021-08-20T21:47:00+02:00[Europe/Berlin],2021-08-20T22:25:00+02:00[Europe/Berlin],2280,00:38:00,gitoxide,Radicle,"https://github.com/Byron/gitoxide/pull/165#issuecomment-902730038, and proof that GATs will work",,Byron,,0.63
2021-08-21T14:32:00+02:00[Europe/Berlin],2021-08-21T17:22:00+02:00[Europe/Berlin],10200,02:50:00,gitoxide,Radicle,"Assure packed-refs buffers remain updated, and think the system through to the end: server that read and write multiple repositories all the time, have to GC it, and so forth.",,Byron,,2.83
2021-08-21T17:32:00+02:00[Europe/Berlin],2021-08-21T18:12:00+02:00[Europe/Berlin],2400,00:40:00,gitoxide,Radicle,See where we are with git-config,,Byron,,0.67
2021-08-21T19:10:00+02:00[Europe/Berlin],2021-08-21T19:41:00+02:00[Europe/Berlin],1860,00:31:00,gitoxide,Radicle,https://github.com/Byron/gitoxide/pull/163#issuecomment-903103752 - wrap up collaboration guide,,Byron,,0.52
2021-08-21T19:42:00+02:00[Europe/Berlin],2021-08-21T20:54:00+02:00[Europe/Berlin],4320,01:12:00,gitoxide,GitHub Sponsors,Most of the sponsor email,,Byron,,1.20
2021-08-22T09:04:00+02:00[Europe/Berlin],2021-08-22T09:22:00+02:00[Europe/Berlin],1080,00:18:00,gitoxide,GitHub Sponsors,"finish sponsor update, minus ‘count objects’ refactoring",,Byron,,0.30
2021-08-22T09:32:00+02:00[Europe/Berlin],2021-08-22T10:44:00+02:00[Europe/Berlin],4320,01:12:00,gitoxide,GitHub Sponsors,first sketch of a non-iterator parallel version of count objects,,Byron,,1.20
2021-08-22T11:22:00+02:00[Europe/Berlin],2021-08-22T12:26:00+02:00[Europe/Berlin],3840,01:04:00,gitoxide,GitHub Sponsors,All there except for optimized single-threaded operation,,Byron,,1.07
2021-08-22T13:06:00+02:00[Europe/Berlin],2021-08-22T15:07:00+02:00[Europe/Berlin],7260,02:01:00,gitoxide,GitHub Sponsors,"Implement single-threaded version and do some profiling to understand why it’s not actually super-fast now that dashmap is not involved anymore. Turns out that the LRU caches do a lot of allocations, and so does ZLIb, but that’s probably only half the problem. Maybe it’s possible to avoid more object lookups by having better caches?",,Byron,,2.02
2021-08-22T15:18:00+02:00[Europe/Berlin],2021-08-22T15:26:00+02:00[Europe/Berlin],480,00:08:00,maintenance,Byron,https://github.com/Byron/dua-cli/pull/105,,Byron,,0.13
2021-08-22T15:26:00+02:00[Europe/Berlin],2021-08-22T15:35:00+02:00[Europe/Berlin],540,00:09:00,maintenance,Byron,https://github.com/Byron/dua-cli/pull/106,,Byron,,0.15
2021-08-22T15:47:00+02:00[Europe/Berlin],2021-08-22T16:54:00+02:00[Europe/Berlin],4020,01:07:00,gitoxide,GitHub Sponsors,"Keep staring at profiles and try to see what can be done, but to no avail. It’s amazing how fast git ends up being.",,Byron,,1.12
2021-08-22T17:20:00+02:00[Europe/Berlin],2021-08-22T17:57:00+02:00[Europe/Berlin],2220,00:37:00,gitoxide,GitHub Sponsors,prepare easy mode for pack-create and get the PR merged,,Byron,,0.62
2021-08-22T18:56:00+02:00[Europe/Berlin],2021-08-22T19:32:00+02:00[Europe/Berlin],2160,00:36:00,gitoxide,GitHub Sponsors,top-level docs for git-repository,,Byron,,0.60
2021-08-22T20:04:00+02:00[Europe/Berlin],2021-08-22T20:56:00+02:00[Europe/Berlin],3120,00:52:00,gitoxide,GitHub Sponsors,Finish git-repository Easy PR and send sponsor email,,Byron,,0.87
2021-08-22T21:01:00+02:00[Europe/Berlin],2021-08-22T21:12:00+02:00[Europe/Berlin],660,00:11:00,gitoxide,GitHub Sponsors,Finish sponsor update,,Byron,,0.18
2021-08-23T07:28:00+02:00[Europe/Berlin],2021-08-23T08:37:00+02:00[Europe/Berlin],4140,01:09:00,gitoxide,GitHub Sponsors,Add cache debugging capabilities to git-features just to learn that the pack cache is pretty efficient already,,Byron,,1.15
2021-08-23T14:53:00+02:00[Europe/Berlin],2021-08-23T15:19:00+02:00[Europe/Berlin],1560,00:26:00,gitoxide,Radicle,https://github.com/Byron/gitoxide/pull/165#issuecomment-903508833,,Byron,,0.43
2021-08-23T15:19:00+02:00[Europe/Berlin],2021-08-23T15:57:00+02:00[Europe/Berlin],2280,00:38:00,gitoxide,Radicle,https://github.com/Byron/gitoxide/pull/170 - decent counting is relevant for uploading packs without caches.,,Byron,,0.63
2021-08-23T18:57:00+02:00[Europe/Berlin],2021-08-23T20:50:00+02:00[Europe/Berlin],6780,01:53:00,gitoxide,Radicle,"Scrape 65s off the counting time for pack generation thus far, and make gitoxide 25% faster over all for single-threaded counting. https://github.com/Byron/gitoxide/pull/170",,Byron,,1.88
2021-08-24T08:21:00+02:00[Europe/Berlin],2021-08-24T08:29:00+02:00[Europe/Berlin],480,00:08:00,gitoxide,Radicle,Reply Abbey regarding community meeting; upgrade to nom7,,Byron,,0.13
2021-08-24T09:26:00+02:00[Europe/Berlin],2021-08-24T09:28:00+02:00[Europe/Berlin],120,00:02:00,gitoxide,Radicle,Follow up community call,,Byron,,0.03
2021-08-24T09:28:00+02:00[Europe/Berlin],2021-08-24T09:36:00+02:00[Europe/Berlin],480,00:08:00,GitPython,Byron,https://github.com/gitpython-developers/GitPython/issues/1327,,Byron,,0.13
2021-08-24T10:02:00+02:00[Europe/Berlin],2021-08-24T10:06:00+02:00[Europe/Berlin],240,00:04:00,GitPython,Byron,https://github.com/gitpython-developers/GitPython/pull/1325,,Byron,,0.07
2021-08-24T11:11:00+02:00[Europe/Berlin],2021-08-24T12:15:00+02:00[Europe/Berlin],3840,01:04:00,gitoxide,Radicle,foundation for the stability guide,,Byron,,1.07
2021-08-24T13:41:00+02:00[Europe/Berlin],2021-08-24T14:52:00+02:00[Europe/Berlin],4260,01:11:00,gitoxide,Radicle,"stability guide, maybe 70% done",,Byron,,1.18
2021-08-24T15:04:00+02:00[Europe/Berlin],2021-08-24T16:19:00+02:00[Europe/Berlin],4500,01:15:00,gitoxide,Radicle,"Wrap up stability guide, start a conversation with Kim",,Byron,,1.25
2021-08-24T21:00:00+02:00[Europe/Berlin],2021-08-24T21:41:00+02:00[Europe/Berlin],2460,00:41:00,gitoxide,Radicle,Wrap up the Stability guide with MSRV and requests for comments.,,Byron,,0.68
2021-08-25T07:45:00+02:00[Europe/Berlin],2021-08-25T08:08:00+02:00[Europe/Berlin],1380,00:23:00,maintenance,Byron,"https://github.com/Byron/google-apis-rs/issues/294#issuecomment-904956751 , https://github.com/Byron/google-apis-rs/issues/295",,Byron,,0.38
2021-08-25T08:08:00+02:00[Europe/Berlin],2021-08-25T08:10:00+02:00[Europe/Berlin],120,00:02:00,gitoxide,Byron,https://github.com/Byron/gitoxide/pull/172#issuecomment-905046518,,Byron,,0.03
2021-08-25T08:10:00+02:00[Europe/Berlin],2021-08-25T08:59:00+02:00[Europe/Berlin],2940,00:49:00,gitoxide,Radicle,Address comments in stability PR and seal off git-repository from lower tier changes.,,Byron,,0.82
2021-08-25T10:12:00+02:00[Europe/Berlin],2021-08-25T11:24:00+02:00[Europe/Berlin],4320,01:12:00,gitoxide,Radicle,improve on git-repository as stability boundary,,Byron,,1.20
2021-08-25T11:32:00+02:00[Europe/Berlin],2021-08-25T12:18:00+02:00[Europe/Berlin],2760,00:46:00,gitoxide,Radicle,git-smart-release is the first non-unstable user of git-repository,,Byron,,0.77
2021-08-25T14:15:00+02:00[Europe/Berlin],2021-08-25T15:13:00+02:00[Europe/Berlin],3480,00:58:00,gitoxide,Radicle,Merge https://github.com/Byron/gitoxide/pull/171,,Byron,,0.97
2021-08-25T16:26:00+02:00[Europe/Berlin],2021-08-25T16:53:00+02:00[Europe/Berlin],1620,00:27:00,gitoxide,Radicle,git-actor refactor https://github.com/Byron/gitoxide/pull/173,,Byron,,0.45
2021-08-25T19:05:00+02:00[Europe/Berlin],2021-08-25T19:23:00+02:00[Europe/Berlin],1080,00:18:00,gitoxide,Radicle,Reply to burnt sushi and start next refactor,,Byron,,0.30
2021-08-25T20:56:00+02:00[Europe/Berlin],2021-08-25T23:07:00+02:00[Europe/Berlin],7860,02:11:00,gitoxide,Radicle,git-ref refactor; prepare radicle community call; participate and speak at the community call.,,Byron,,2.18
2021-08-26T07:48:00+02:00[Europe/Berlin],2021-08-26T08:37:00+02:00[Europe/Berlin],2940,00:49:00,gitoxide,Radicle,https://github.com/radicle-dev/radicle-link/pull/774,,Byron,,0.82
2021-08-26T08:38:00+02:00[Europe/Berlin],2021-08-26T08:50:00+02:00[Europe/Berlin],720,00:12:00,gitoxide,Radicle,https://github.com/Byron/gitoxide/pull/171#issuecomment-905974233,,Byron,,0.20
2021-08-26T08:50:00+02:00[Europe/Berlin],2021-08-26T08:57:00+02:00[Europe/Berlin],420,00:07:00,gitoxide,Byron,https://github.com/Byron/gitoxide/pull/172,,Byron,,0.12
2021-08-26T08:58:00+02:00[Europe/Berlin],2021-08-26T09:10:00+02:00[Europe/Berlin],720,00:12:00,maintenance,Byron,https://github.com/Byron/google-apis-rs/issues/296,,Byron,,0.20
2021-08-26T09:10:00+02:00[Europe/Berlin],2021-08-26T09:15:00+02:00[Europe/Berlin],300,00:05:00,GitPython,Byron,https://github.com/gitpython-developers/GitPython/discussions/1330,,Byron,,0.08
2021-08-26T10:26:00+02:00[Europe/Berlin],2021-08-26T10:40:00+02:00[Europe/Berlin],840,00:14:00,gitoxide,Radicle,refactor git-ref log,,Byron,,0.23
2021-08-26T12:40:00+02:00[Europe/Berlin],2021-08-26T13:52:00+02:00[Europe/Berlin],4320,01:12:00,gitoxide,Radicle,start git-object refactoring,,Byron,,1.20
2021-08-26T14:39:00+02:00[Europe/Berlin],2021-08-26T17:29:00+02:00[Europe/Berlin],10200,02:50:00,gitoxide,Radicle,git-object refactoring; https://github.com/radicle-dev/radicle-link/pull/774#issuecomment-906245790,,Byron,,2.83
2021-08-26T21:01:00+02:00[Europe/Berlin],2021-08-26T22:16:00+02:00[Europe/Berlin],4500,01:15:00,gitoxide,Radicle,start git-packetline refactor,,Byron,,1.25
2021-08-27T07:44:00+02:00[Europe/Berlin],2021-08-27T07:52:00+02:00[Europe/Berlin],480,00:08:00,maintenance,Byron,https://github.com/Byron/open-rs/issues/37,,Byron,,0.13
2021-08-27T07:52:00+02:00[Europe/Berlin],2021-08-27T08:22:00+02:00[Europe/Berlin],1800,00:30:00,gitoxide,Radicle,https://github.com/radicle-dev/radicle-link/issues/761#issuecomment-906829406,,Byron,,0.50
2021-08-27T08:23:00+02:00[Europe/Berlin],2021-08-27T08:27:00+02:00[Europe/Berlin],240,00:04:00,gitoxide,Radicle,continue on packetline refactor - finalization,,Byron,,0.07
2021-08-27T11:15:00+02:00[Europe/Berlin],2021-08-27T12:12:00+02:00[Europe/Berlin],3420,00:57:00,gitoxide,Radicle,pack crate refactoring,,Byron,,0.95
2021-08-27T15:12:00+02:00[Europe/Berlin],2021-08-27T16:09:00+02:00[Europe/Berlin],3420,00:57:00,gitoxide,Radicle,finish git-pack refactoring,,Byron,,0.95
2021-08-27T16:15:00+02:00[Europe/Berlin],2021-08-27T16:57:00+02:00[Europe/Berlin],2520,00:42:00,gitoxide,Radicle,prepare release with changelogs; some planning of what’s next,,Byron,,0.70
2021-08-27T17:04:00+02:00[Europe/Berlin],2021-08-27T17:58:00+02:00[Europe/Berlin],3240,00:54:00,gitoxide,Radicle,work on fixing the build; handle parking-lot; getting there,,Byron,,0.90
2021-08-27T19:41:00+02:00[Europe/Berlin],2021-08-27T20:38:00+02:00[Europe/Berlin],3420,00:57:00,gitoxide,Radicle,https://github.com/radicle-dev/radicle-link/pull/776 ; release all crates thus far; ready for the next step.,,Byron,,0.95
2021-08-27T21:18:00+02:00[Europe/Berlin],2021-08-27T21:28:00+02:00[Europe/Berlin],600,00:10:00,gitoxide,Radicle,https://github.com/radicle-dev/radicle-link/issues/761#issuecomment-907203197,,Byron,,0.17
2021-08-28T09:29:00+02:00[Europe/Berlin],2021-08-28T09:31:00+02:00[Europe/Berlin],120,00:02:00,GitPython,Byron,https://github.com/gitpython-developers/GitPython/issues/1331,,Byron,,0.03
2021-08-28T09:31:00+02:00[Europe/Berlin],2021-08-28T09:33:00+02:00[Europe/Berlin],120,00:02:00,maintenance,Byron,https://github.com/the-lean-crate/cargo-diet/issues/8,,Byron,,0.03
2021-08-28T09:33:00+02:00[Europe/Berlin],2021-08-28T09:39:00+02:00[Europe/Berlin],360,00:06:00,gitoxide,Byron,https://github.com/Byron/gitoxide/discussions/183,,Byron,,0.10
2021-08-28T20:34:00+02:00[Europe/Berlin],2021-08-28T20:58:00+02:00[Europe/Berlin],1440,00:24:00,gitoxide,Radicle,https://github.com/radicle-dev/radicle-link/issues/761#issuecomment-907623075 ; release desired version of git-repository,,Byron,,0.40
2021-08-28T20:59:00+02:00[Europe/Berlin],2021-08-28T21:04:00+02:00[Europe/Berlin],300,00:05:00,GitPython,Byron,https://github.com/gitpython-developers/GitPython/issues/1331,,Byron,,0.08
2021-08-28T21:04:00+02:00[Europe/Berlin],2021-08-28T21:06:00+02:00[Europe/Berlin],120,00:02:00,maintenance,Byron,https://github.com/Byron/open-rs/issues/37,,Byron,,0.03
2021-08-28T21:06:00+02:00[Europe/Berlin],2021-08-28T21:09:00+02:00[Europe/Berlin],180,00:03:00,maintenance,Byron,https://github.com/the-lean-crate/cargo-diet/issues/8,,Byron,,0.05
2021-08-28T21:09:00+02:00[Europe/Berlin],2021-08-28T21:16:00+02:00[Europe/Berlin],420,00:07:00,gitoxide,Byron,https://github.com/Byron/gitoxide/discussions/183#discussioncomment-1247000,,Byron,,0.12
2021-08-29T10:27:00+02:00[Europe/Berlin],2021-08-29T10:35:00+02:00[Europe/Berlin],480,00:08:00,maintenance,Byron,https://github.com/Byron/open-rs/issues/37#issuecomment-907719070,,Byron,,0.13
2021-08-29T10:36:00+02:00[Europe/Berlin],2021-08-29T11:14:00+02:00[Europe/Berlin],2280,00:38:00,gitoxide,Byron,https://github.com/Byron/gitoxide/issues/184 (relaxed working with distractions),,Byron,,0.63
2021-08-29T12:03:00+02:00[Europe/Berlin],2021-08-29T12:41:00+02:00[Europe/Berlin],2280,00:38:00,gitoxide,Radicle,quick-study RSL defence : https://ssl.engineering.nyu.edu/papers/torres_toto_usenixsec-2016.pdf ; https://github.com/radicle-dev/radicle-link/issues/761#issuecomment-907726924,,Byron,,0.63
2021-08-29T13:46:00+02:00[Europe/Berlin],2021-08-29T14:45:00+02:00[Europe/Berlin],3540,00:59:00,gitoxide,Radicle,Read up on radicle identities: https://github.com/radicle-dev/radicle-link/blob/master/docs/spec/sections/002-identities/index.md,,Byron,,0.98
2021-08-29T20:31:00+02:00[Europe/Berlin],2021-08-29T21:36:00+02:00[Europe/Berlin],3900,01:05:00,gitoxide,Radicle,Repo init refactoring,,Byron,,1.08
2021-08-29T21:53:00+02:00[Europe/Berlin],2021-08-29T22:24:00+02:00[Europe/Berlin],1860,00:31:00,gitoxide,Radicle,finish repository init refactoring and tests,,Byron,,0.52
2021-08-30T11:11:00+02:00[Europe/Berlin],2021-08-30T11:30:00+02:00[Europe/Berlin],1140,00:19:00,gitoxide,Radicle,https://github.com/smol-rs/blocking/issues/19#issuecomment-907986483,,Byron,,0.32
2021-08-30T11:30:00+02:00[Europe/Berlin],2021-08-30T11:38:00+02:00[Europe/Berlin],480,00:08:00,gitoxide,Radicle,https://github.com/Byron/gitoxide/issues/187#issuecomment-907988676,,Byron,,0.13
2021-08-30T11:38:00+02:00[Europe/Berlin],2021-08-30T12:34:00+02:00[Europe/Berlin],3360,00:56:00,gitoxide,Radicle,Implement `open()` more properly,,Byron,,0.93
2021-08-30T14:44:00+02:00[Europe/Berlin],2021-08-30T15:57:00+02:00[Europe/Berlin],4380,01:13:00,gitoxide,Radicle,"create bare repositories, start to deal with config parser issue on windows",,Byron,,1.22
2021-08-30T16:40:00+02:00[Europe/Berlin],2021-08-30T16:43:00+02:00[Europe/Berlin],180,00:03:00,gitoxide,Radicle,https://github.com/radicle-dev/radicle-link/commit/10a5261a4b17e7a1031c5ea789d9bcec64c5fe79#commitcomment-55635165,,Byron,,0.05
2021-08-30T16:44:00+02:00[Europe/Berlin],2021-08-30T16:49:00+02:00[Europe/Berlin],300,00:05:00,gitoxide,Byron,https://github.com/Byron/gitoxide/issues/187#issuecomment-908163238,,Byron,,0.08
2021-08-30T19:28:00+02:00[Europe/Berlin],2021-08-30T20:32:00+02:00[Europe/Berlin],3840,01:04:00,gitoxide,Radicle,cleanup and git-config on windows,,Byron,,1.07
2021-08-30T22:04:00+02:00[Europe/Berlin],2021-08-30T22:07:00+02:00[Europe/Berlin],180,00:03:00,gitoxide,Radicle,Wrap up current PR to be finally ready for the actual work,,Byron,,0.05
2021-08-31T07:32:00+02:00[Europe/Berlin],2021-08-31T08:09:00+02:00[Europe/Berlin],2220,00:37:00,maintenance,Byron,google-apis-rs re-release,,Byron,,0.62
2021-08-31T08:10:00+02:00[Europe/Berlin],2021-08-31T08:36:00+02:00[Europe/Berlin],1560,00:26:00,gitoxide,Radicle,https://github.com/radicle-dev/radicle-link/issues/761#issuecomment-908805107,,Byron,,0.43
2021-08-31T08:36:00+02:00[Europe/Berlin],2021-08-31T08:48:00+02:00[Europe/Berlin],720,00:12:00,gitoxide,Radicle,https://github.com/Byron/gitoxide/pull/185#issuecomment-908809088,,Byron,,0.20
2021-08-31T09:51:00+02:00[Europe/Berlin],2021-08-31T12:04:00+02:00[Europe/Berlin],7980,02:13:00,gitoxide,Radicle,Delve into Signature::now() and produce this: https://github.com/Byron/gitoxide/issues/188,,Byron,,2.22
2021-08-31T14:00:00+02:00[Europe/Berlin],2021-08-31T14:55:00+02:00[Europe/Berlin],3300,00:55:00,gitoxide,Radicle,Upgrade to time3 in prodash,,Byron,,0.92
2021-08-31T15:13:00+02:00[Europe/Berlin],2021-08-31T16:24:00+02:00[Europe/Berlin],4260,01:11:00,gitoxide,Radicle,Cure prodash and use latest version in gitoxide to bring back local time support on clients. Investigate a permanent fix that won’t need these workarounds that still expose unsoundness.,,Byron,,1.18
2021-08-31T17:27:00+02:00[Europe/Berlin],2021-08-31T17:36:00+02:00[Europe/Berlin],540,00:09:00,gitoxide,Radicle,https://github.com/Byron/gitoxide/issues/188#issuecomment-909070073,,Byron,,0.15
2021-08-31T19:27:00+02:00[Europe/Berlin],2021-08-31T20:59:00+02:00[Europe/Berlin],5520,01:32:00,gitoxide,Radicle,"Simple local-offset support and local offset for actors, all configurable with feature flags.",,Byron,,1.53
2021-09-01T10:57:00+02:00[Europe/Berlin],2021-09-01T11:20:00+02:00[Europe/Berlin],1380,00:23:00,gitoxide,Radicle,https://github.com/radicle-dev/radicle-link/issues/761#issuecomment-909841200,,Byron,,0.38
2021-09-01T14:36:00+02:00[Europe/Berlin],2021-09-01T14:58:00+02:00[Europe/Berlin],1320,00:22:00,gitoxide,Radicle,"Get a bit further with providing an API for empty tree creation, minimally, simple and somewhat future proof",,Byron,,0.37
2021-09-01T15:11:00+02:00[Europe/Berlin],2021-09-01T16:28:00+02:00[Europe/Berlin],4620,01:17:00,gitoxide,Radicle,A seemingly nice way to write new objects,,Byron,,1.28
2021-09-01T16:39:00+02:00[Europe/Berlin],2021-09-01T16:48:00+02:00[Europe/Berlin],540,00:09:00,gitoxide,Radicle,Use new git-repo functionality,,Byron,,0.15
2021-09-01T20:29:00+02:00[Europe/Berlin],2021-09-01T21:11:00+02:00[Europe/Berlin],2520,00:42:00,gitoxide,Radicle,Nearly replace the upstream() function with gitoxide,,Byron,,0.70
2021-09-01T21:33:00+02:00[Europe/Berlin],2021-09-01T22:08:00+02:00[Europe/Berlin],2100,00:35:00,gitoxide,Radicle,Create draft PR: https://github.com/radicle-dev/radicle-link/pull/780,,Byron,,0.58
2021-09-02T08:13:00+02:00[Europe/Berlin],2021-09-02T08:44:00+02:00[Europe/Berlin],1860,00:31:00,gitoxide,Radicle,Figure out why sha1-asm is building even though it’s not supposed to on windows msvc,,Byron,,0.52
2021-09-02T10:51:00+02:00[Europe/Berlin],2021-09-02T11:59:00+02:00[Europe/Berlin],4080,01:08:00,gitoxide,Radicle,Research what it takes to ‘commit()’ properly and put down the first test. It’s quite involved actually,,Byron,,1.13
2021-09-02T14:01:00+02:00[Europe/Berlin],2021-09-02T15:30:00+02:00[Europe/Berlin],5340,01:29:00,gitoxide,Radicle,"first impl of simple commit, but without commit summary for log and some tests definitely missing",,Byron,,1.48
2021-09-02T16:10:00+02:00[Europe/Berlin],2021-09-02T16:58:00+02:00[Europe/Berlin],2880,00:48:00,gitoxide,Radicle,work on commit summary,,Byron,,0.80
2021-09-02T19:41:00+02:00[Europe/Berlin],2021-09-02T20:10:00+02:00[Europe/Berlin],1740,00:29:00,gitoxide,Radicle,continue with commit summary,,Byron,,0.48
2021-09-02T21:42:00+02:00[Europe/Berlin],2021-09-02T21:52:00+02:00[Europe/Berlin],600,00:10:00,maintenance,Byron,https://youtrack.jetbrains.com/issue/JBR-3715,,Byron,,0.17
2021-09-02T21:52:00+02:00[Europe/Berlin],2021-09-02T23:05:00+02:00[Europe/Berlin],4380,01:13:00,gitoxide,Radicle,Try to get commit() to work in practice but there are still issues with ergonomics.,,Byron,,1.22
2021-09-03T07:28:00+02:00[Europe/Berlin],2021-09-03T08:23:00+02:00[Europe/Berlin],3300,00:55:00,gitoxide,Radicle,realize that transaction system doesn’t handle one particular case and start adding it.,,Byron,,0.92
2021-09-03T08:39:00+02:00[Europe/Berlin],2021-09-03T08:57:00+02:00[Europe/Berlin],1080,00:18:00,gitoxide,Radicle,continue refactoring,,Byron,,0.30
2021-09-03T09:53:00+02:00[Europe/Berlin],2021-09-03T10:52:00+02:00[Europe/Berlin],3540,00:59:00,gitoxide,Radicle,Finish git-ref refactoring for more capabilities and better readability,,Byron,,0.98
2021-09-03T11:09:00+02:00[Europe/Berlin],2021-09-03T12:01:00+02:00[Europe/Berlin],3120,00:52:00,gitoxide,Radicle,Use latest API in radicle-link test; more tests for git-ref,,Byron,,0.87
2021-09-03T14:14:00+02:00[Europe/Berlin],2021-09-03T16:36:00+02:00[Europe/Berlin],8520,02:22:00,gitoxide,Radicle,grand git-ref reference refactor,,Byron,,2.37
2021-09-03T17:39:00+02:00[Europe/Berlin],2021-09-03T17:41:00+02:00[Europe/Berlin],120,00:02:00,maintenance,Byron,intelij idea issue catchup,,Byron,,0.03
2021-09-03T17:41:00+02:00[Europe/Berlin],2021-09-03T17:55:00+02:00[Europe/Berlin],840,00:14:00,gitoxide,Radicle,only two failing tests after refactoring,,Byron,,0.23
2021-09-03T18:13:00+02:00[Europe/Berlin],2021-09-03T18:42:00+02:00[Europe/Berlin],1740,00:29:00,gitoxide,Radicle,fix tests and start experimenting with head() API,,Byron,,0.48
2021-09-03T19:24:00+02:00[Europe/Berlin],2021-09-03T19:49:00+02:00[Europe/Berlin],1500,00:25:00,gitoxide,Radicle,cleanup,,Byron,,0.42
2021-09-03T21:59:00+02:00[Europe/Berlin],2021-09-04T00:00:00+02:00[Europe/Berlin],7260,02:01:00,gitoxide,Radicle,"Generalprobe - talk through entire pre-flight check list , discover many issues, 1h playtesting. Worked well except for performance issues on hub world",,Byron,,2.02
2021-09-04T00:00:00+02:00[Europe/Berlin],2021-09-04T01:03:00+02:00[Europe/Berlin],3780,01:03:00,gitoxide,Radicle,,,Byron,,1.05
2021-09-04T07:40:00+02:00[Europe/Berlin],2021-09-04T08:18:00+02:00[Europe/Berlin],2280,00:38:00,gitoxide,Radicle,flesh out ‘HEAD’ handling,,Byron,,0.63
2021-09-04T08:58:00+02:00[Europe/Berlin],2021-09-04T11:09:00+02:00[Europe/Berlin],7860,02:11:00,gitoxide,Radicle,first reflog access on git-repository level,,Byron,,2.18
2021-09-04T11:26:00+02:00[Europe/Berlin],2021-09-04T12:18:00+02:00[Europe/Berlin],3120,00:52:00,gitoxide,Radicle,finish head log support,,Byron,,0.87
2021-09-04T22:14:00+02:00[Europe/Berlin],2021-09-04T22:54:00+02:00[Europe/Berlin],2400,00:40:00,gitoxide,Radicle,Finish replacing all methods in `upstream()`,,Byron,,0.67
2021-09-05T11:07:00+02:00[Europe/Berlin],2021-09-05T11:20:00+02:00[Europe/Berlin],780,00:13:00,GitPython,Byron,https://github.com/gitpython-developers/GitPython/issues/1333#issuecomment-913078611,,Byron,,0.22
2021-09-05T11:20:00+02:00[Europe/Berlin],2021-09-05T11:41:00+02:00[Europe/Berlin],1260,00:21:00,GitPython,Byron,https://github.com/gitpython-developers/GitPython/issues/1334 + reading HN,,Byron,,0.35
2021-09-05T13:16:00+02:00[Europe/Berlin],2021-09-05T14:29:00+02:00[Europe/Berlin],4380,01:13:00,gitoxide,Radicle,Start on Reference iteration and clenaup the previously fishy handling of PackedRefs,,Byron,,1.22
2021-09-05T14:36:00+02:00[Europe/Berlin],2021-09-05T15:18:00+02:00[Europe/Berlin],2520,00:42:00,gitoxide,Radicle,reference iteration,,Byron,,0.70
2021-09-05T22:20:00+02:00[Europe/Berlin],2021-09-05T23:32:00+02:00[Europe/Berlin],4320,01:12:00,gitoxide,Radicle,One more converted function,,Byron,,1.20
2021-09-06T07:51:00+02:00[Europe/Berlin],2021-09-06T08:21:00+02:00[Europe/Berlin],1800,00:30:00,gitoxide,Byron,Optimize compile and CI performance,,Byron,,0.50
2021-09-06T08:31:00+02:00[Europe/Berlin],2021-09-06T08:45:00+02:00[Europe/Berlin],840,00:14:00,maintenance,Byron,cargo diet dependency update,,Byron,,0.23
2021-09-06T09:37:00+02:00[Europe/Berlin],2021-09-06T10:58:00+02:00[Europe/Berlin],4860,01:21:00,gitoxide,Radicle,tests for namespace support in repository,,Byron,,1.35
2021-09-06T11:19:00+02:00[Europe/Berlin],2021-09-06T12:29:00+02:00[Europe/Berlin],4200,01:10:00,gitoxide,Radicle,finish transparent namespace support impl,,Byron,,1.17
2021-09-06T13:55:00+02:00[Europe/Berlin],2021-09-06T15:24:00+02:00[Europe/Berlin],5340,01:29:00,gitoxide,Radicle,"Doing namespaces completely seems necessary; more tests, and an understanding",,Byron,,1.48
2021-09-06T15:36:00+02:00[Europe/Berlin],2021-09-06T15:57:00+02:00[Europe/Berlin],1260,00:21:00,gitoxide,Radicle,"start on putting namespace support directly into the store where it probably belongs, which solves all existing consistency problems.",,Byron,,0.35
2021-09-06T19:01:00+02:00[Europe/Berlin],2021-09-06T21:07:00+02:00[Europe/Berlin],7560,02:06:00,gitoxide,Radicle,namespaces work in git-ref now,,Byron,,2.10
2021-09-06T21:35:00+02:00[Europe/Berlin],2021-09-06T23:05:00+02:00[Europe/Berlin],5400,01:30:00,gitoxide,Radicle,"It nearly works with the integration tests fully converted, but there is one issue which maybe I give up on today and ask for help. Maybe it’s easy to fix that way.",,Byron,,1.50
2021-09-06T23:18:00+02:00[Europe/Berlin],2021-09-07T00:00:00+02:00[Europe/Berlin],2520,00:42:00,gitoxide,Radicle,try to debug this strange bug… with very limited success. Must be something silly.,,Byron,,0.70
2021-09-07T07:36:00+02:00[Europe/Berlin],2021-09-07T09:10:00+02:00[Europe/Berlin],5640,01:34:00,gitoxide,Radicle,https://github.com/radicle-dev/radicle-link/pull/780#issuecomment-913921527,,Byron,,1.57
2021-09-07T12:24:00+02:00[Europe/Berlin],2021-09-07T12:51:00+02:00[Europe/Berlin],1620,00:27:00,gitoxide,Radicle,Wrap-up PR review request: https://github.com/radicle-dev/radicle-link/pull/724,,Byron,,0.45
2021-09-07T15:40:00+02:00[Europe/Berlin],2021-09-07T15:47:00+02:00[Europe/Berlin],420,00:07:00,maintenance,Byron,https://github.com/Byron/pulldown-cmark-to-cmark/pull/27,,Byron,,0.12
2021-09-07T19:13:00+02:00[Europe/Berlin],2021-09-07T19:54:00+02:00[Europe/Berlin],2460,00:41:00,gitoxide,Radicle,Address review notes for https://github.com/radicle-dev/radicle-link/pull/780,,Byron,,0.68
2021-09-07T22:32:00+02:00[Europe/Berlin],2021-09-07T22:48:00+02:00[Europe/Berlin],960,00:16:00,gitoxide,Radicle,"https://github.com/radicle-dev/radicle-link/pull/780#issuecomment-914364290 wrap up PR comms, but needs at least one more change.",,Byron,,0.27
2021-09-08T07:42:00+02:00[Europe/Berlin],2021-09-08T07:49:00+02:00[Europe/Berlin],420,00:07:00,maintenance,Byron,https://github.com/ArturKovacs/trash-rs/issues/39#issuecomment-914704415,,Byron,,0.12
2021-09-08T07:49:00+02:00[Europe/Berlin],2021-09-08T07:56:00+02:00[Europe/Berlin],420,00:07:00,GitPython,Byron,https://github.com/gitpython-developers/GitPython/issues/1336,,Byron,,0.12
2021-09-08T07:57:00+02:00[Europe/Berlin],2021-09-08T08:47:00+02:00[Europe/Berlin],3000,00:50:00,gitoxide,Radicle,refresh for objectdatabases,,Byron,,0.83
2021-09-08T08:48:00+02:00[Europe/Berlin],2021-09-08T08:50:00+02:00[Europe/Berlin],120,00:02:00,GitPython,Byron,https://github.com/gitpython-developers/GitPython/issues/1336#issuecomment-914725814,,Byron,,0.03
2021-09-08T16:16:00+02:00[Europe/Berlin],2021-09-08T16:56:00+02:00[Europe/Berlin],2400,00:40:00,gitoxide,Radicle,Object serialization improvements begin,,Byron,,0.67
2021-09-08T17:54:00+02:00[Europe/Berlin],2021-09-08T18:16:00+02:00[Europe/Berlin],1320,00:22:00,gitoxide,Radicle,Impl and test all object serialization,,Byron,,0.37
2021-09-08T20:58:00+02:00[Europe/Berlin],2021-09-08T22:39:00+02:00[Europe/Berlin],6060,01:41:00,gitoxide,Radicle,"git-object serialization of borrowed objects, and in theory that addresses all remaining issues of the PR",,Byron,,1.68
2021-09-09T07:36:00+02:00[Europe/Berlin],2021-09-09T07:48:00+02:00[Europe/Berlin],720,00:12:00,gitoxide,Radicle,https://github.com/Byron/gitoxide/issues/193#issuecomment-915647226,,Byron,,0.20
2021-09-09T07:48:00+02:00[Europe/Berlin],2021-09-09T08:51:00+02:00[Europe/Berlin],3780,01:03:00,gitoxide,Radicle,https://github.com/Byron/gitoxide/issues/194,,Byron,,1.05
2021-09-09T08:52:00+02:00[Europe/Berlin],2021-09-09T08:58:00+02:00[Europe/Berlin],360,00:06:00,maintenance,Byron,Prepare to remove homebrew in favor of nix,,Byron,,0.10
2021-09-09T08:59:00+02:00[Europe/Berlin],2021-09-09T09:06:00+02:00[Europe/Berlin],420,00:07:00,gitoxide,Radicle,Reply to ed page,,Byron,,0.12
2021-09-09T13:41:00+02:00[Europe/Berlin],2021-09-09T15:16:00+02:00[Europe/Berlin],5700,01:35:00,gitoxide,Radicle,"journey tests for smart-release and a test to validate the new and desired behaviour, to some extend. https://github.com/Byron/gitoxide/pull/195",,Byron,,1.58
2021-09-09T15:42:00+02:00[Europe/Berlin],2021-09-09T15:57:00+02:00[Europe/Berlin],900,00:15:00,gitoxide,Radicle,Get into implementation; it’s not straight forward just yet,,Byron,,0.25
2021-09-09T16:50:00+02:00[Europe/Berlin],2021-09-09T17:59:00+02:00[Europe/Berlin],4140,01:09:00,gitoxide,Radicle,refactor to the point where I can implement the desired feature as MVP,,Byron,,1.15
2021-09-10T10:04:00+02:00[Europe/Berlin],2021-09-10T10:20:00+02:00[Europe/Berlin],960,00:16:00,GitPython,Byron,new release,,Byron,,0.27
2021-09-10T10:20:00+02:00[Europe/Berlin],2021-09-10T10:26:00+02:00[Europe/Berlin],360,00:06:00,gitoxide,Radicle,"Rebase https://github.com/radicle-dev/radicle-link/pull/780 again, ask for merge",,Byron,,0.10
2021-09-10T10:27:00+02:00[Europe/Berlin],2021-09-10T11:44:00+02:00[Europe/Berlin],4620,01:17:00,maintenance,Byron,Get back in the saddle after Rust 1.55 hit,,Byron,,1.28
2021-09-10T11:45:00+02:00[Europe/Berlin],2021-09-10T12:26:00+02:00[Europe/Berlin],2460,00:41:00,gitoxide,Radicle,"Fix all the breakage created by Rust 1.55 and changes in std::io::ErrorKind. Cut new releases, prepare part two of improvements to cargo smart-release.",,Byron,,0.68
2021-09-10T14:23:00+02:00[Europe/Berlin],2021-09-10T15:55:00+02:00[Europe/Berlin],5520,01:32:00,gitoxide,Radicle,"Kim f2f, catchup",,Byron,,1.53
2021-09-10T17:34:00+02:00[Europe/Berlin],2021-09-10T17:55:00+02:00[Europe/Berlin],1260,00:21:00,gitoxide,Radicle,Address comment in RL- #780,,Byron,,0.35
2021-09-10T17:55:00+02:00[Europe/Berlin],2021-09-10T18:01:00+02:00[Europe/Berlin],360,00:06:00,GitPython,Byron,https://github.com/gitpython-developers/GitPython/issues/1339,,Byron,,0.10
2021-09-10T18:01:00+02:00[Europe/Berlin],2021-09-10T18:05:00+02:00[Europe/Berlin],240,00:04:00,GitPython,Byron,https://github.com/gitpython-developers/GitPython/issues/890,,Byron,,0.07
2021-09-10T18:45:00+02:00[Europe/Berlin],2021-09-10T18:57:00+02:00[Europe/Berlin],720,00:12:00,gitoxide,Radicle,https://github.com/radicle-dev/radicle-link/pull/780#discussion_r706089772,,Byron,,0.20
2021-09-10T22:15:00+02:00[Europe/Berlin],2021-09-10T23:00:00+02:00[Europe/Berlin],2700,00:45:00,GitPython,Byron,deal with release fallout,,Byron,,0.75
2021-09-11T13:54:00+02:00[Europe/Berlin],2021-09-11T14:04:00+02:00[Europe/Berlin],600,00:10:00,GitPython,Byron,https://github.com/gitpython-developers/GitPython/pull/1340#issuecomment-917348857,,Byron,,0.17
2021-09-11T19:17:00+02:00[Europe/Berlin],2021-09-11T19:21:00+02:00[Europe/Berlin],240,00:04:00,gitoxide,Byron,https://github.com/Byron/gitoxide/discussions/183#discussioncomment-1310027,,Byron,,0.07
2021-09-11T21:36:00+02:00[Europe/Berlin],2021-09-11T22:00:00+02:00[Europe/Berlin],1440,00:24:00,gitoxide,Radicle,documentation for git-repository,,Byron,,0.40
2021-09-12T14:58:00+02:00[Europe/Berlin],2021-09-12T15:20:00+02:00[Europe/Berlin],1320,00:22:00,gitoxide,Radicle,repository docs,,Byron,,0.37
2021-09-12T15:33:00+02:00[Europe/Berlin],2021-09-12T16:20:00+02:00[Europe/Berlin],2820,00:47:00,gitoxide,Radicle,"More docs, some research on how git knows its committer.",,Byron,,0.78
2021-09-12T19:23:00+02:00[Europe/Berlin],2021-09-12T20:11:00+02:00[Europe/Berlin],2880,00:48:00,gitoxide,Radicle,more git-repository docs and some refactoring,,Byron,,0.80
2021-09-12T20:58:00+02:00[Europe/Berlin],2021-09-12T21:55:00+02:00[Europe/Berlin],3420,00:57:00,gitoxide,Radicle,Many more docs for git-repository,,Byron,,0.95
2021-09-13T07:27:00+02:00[Europe/Berlin],2021-09-13T07:30:00+02:00[Europe/Berlin],180,00:03:00,maintenance,Byron,https://github.com/afajl/mob/pull/6,,Byron,,0.05
2021-09-13T07:30:00+02:00[Europe/Berlin],2021-09-13T07:50:00+02:00[Europe/Berlin],1200,00:20:00,gitoxide,Radicle,more docs for git-repository,,Byron,,0.33
2021-09-13T09:52:00+02:00[Europe/Berlin],2021-09-13T10:53:00+02:00[Europe/Berlin],3660,01:01:00,gitoxide,Radicle,"more docs, look into automating changelogs with git-cliff",,Byron,,1.02
2021-09-13T11:01:00+02:00[Europe/Berlin],2021-09-13T11:44:00+02:00[Europe/Berlin],2580,00:43:00,gitoxide,Radicle,"More docs, and figure out a plan for a more wholistic growth model for gitoxide",,Byron,,0.72
2021-09-13T13:08:00+02:00[Europe/Berlin],2021-09-13T14:01:00+02:00[Europe/Berlin],3180,00:53:00,gitoxide,Radicle,more docs,,Byron,,0.88
2021-09-13T14:31:00+02:00[Europe/Berlin],2021-09-13T15:22:00+02:00[Europe/Berlin],3060,00:51:00,gitoxide,Radicle,more docs and refactorings,,Byron,,0.85
2021-09-13T15:47:00+02:00[Europe/Berlin],2021-09-13T16:08:00+02:00[Europe/Berlin],1260,00:21:00,gitoxide,Radicle,Finish docs,,Byron,,0.35
2021-09-13T17:24:00+02:00[Europe/Berlin],2021-09-13T17:29:00+02:00[Europe/Berlin],300,00:05:00,gitoxide,Radicle,Wrapup https://github.com/Byron/gitoxide/issues/164,,Byron,,0.08
2021-09-13T18:32:00+02:00[Europe/Berlin],2021-09-13T19:36:00+02:00[Europe/Berlin],3840,01:04:00,gitoxide,Radicle,"Try to use, configure, and speed-up `git-cliff` bug fail with the configuration part. Conclude that change-log handling is something we could probably do ourselves.",,Byron,,1.07
2021-09-13T20:08:00+02:00[Europe/Berlin],2021-09-13T20:52:00+02:00[Europe/Berlin],2640,00:44:00,gitoxide,Radicle,get going with smart release ‘deep bumping’,,Byron,,0.73
2021-09-13T20:55:00+02:00[Europe/Berlin],2021-09-13T21:35:00+02:00[Europe/Berlin],2400,00:40:00,gitoxide,Radicle,continue with algorithm impl,,Byron,,0.67
2021-09-13T22:10:00+02:00[Europe/Berlin],2021-09-13T23:04:00+02:00[Europe/Berlin],3240,00:54:00,gitoxide,Radicle,"Main algorithm done, now for a few more bits and pieces until it all comes together",,Byron,,0.90
2021-09-14T07:28:00+02:00[Europe/Berlin],2021-09-14T07:44:00+02:00[Europe/Berlin],960,00:16:00,GitPython,Byron,https://github.com/gitpython-developers/GitPython/pull/1340#issuecomment-918663696,,Byron,,0.27
2021-09-14T07:46:00+02:00[Europe/Berlin],2021-09-14T08:06:00+02:00[Europe/Berlin],1200,00:20:00,gitoxide,Radicle,Small smart-release flyby improvement; inform radicle team about the new smart-release feature and why it is needed.,,Byron,,0.33
2021-09-14T10:32:00+02:00[Europe/Berlin],2021-09-14T10:36:00+02:00[Europe/Berlin],240,00:04:00,GitPython,Byron,https://github.com/gitpython-developers/GitPython/pull/1340#issuecomment-918745402,,Byron,,0.07
2021-09-14T10:36:00+02:00[Europe/Berlin],2021-09-14T11:49:00+02:00[Europe/Berlin],4380,01:13:00,gitoxide,Radicle,"dependent version bumping seems to work, but needs some more testing and publishing for sure.",,Byron,,1.22
2021-09-14T12:58:00+02:00[Europe/Berlin],2021-09-14T13:35:00+02:00[Europe/Berlin],2220,00:37:00,gitoxide,Radicle,Complete logic for safety version bumping and greatly improve tests. It seems to work.,,Byron,,0.62
2021-09-14T13:44:00+02:00[Europe/Berlin],2021-09-14T13:57:00+02:00[Europe/Berlin],780,00:13:00,gitoxide,Radicle,prepare for message aadjustments,,Byron,,0.22
2021-09-14T14:34:00+02:00[Europe/Berlin],2021-09-14T15:08:00+02:00[Europe/Berlin],2040,00:34:00,gitoxide,Radicle,https://github.com/Byron/gitoxide/issues/192 done,,Byron,,0.57
2021-09-14T19:13:00+02:00[Europe/Berlin],2021-09-14T19:42:00+02:00[Europe/Berlin],1740,00:29:00,gitoxide,Radicle,"Another small bugfix, before it became an issue, on #192",,Byron,,0.48
2021-09-14T20:35:00+02:00[Europe/Berlin],2021-09-14T20:43:00+02:00[Europe/Berlin],480,00:08:00,GitPython,Byron,https://github.com/gitpython-developers/GitPython/discussions/1343; https://github.com/gitpython-developers/GitPython/pull/1340#issuecomment-919113088,,Byron,,0.13
2021-09-14T20:43:00+02:00[Europe/Berlin],2021-09-14T21:37:00+02:00[Europe/Berlin],3240,00:54:00,gitoxide,Radicle,"https://github.com/Byron/gitoxide/pull/199 - analyse and research changelog generation, create PR with tasks",,Byron,,0.90
2021-09-15T07:30:00+02:00[Europe/Berlin],2021-09-15T07:35:00+02:00[Europe/Berlin],300,00:05:00,maintenance,Byron,configure nix to build various cargo programs,,Byron,,0.08
2021-09-15T07:35:00+02:00[Europe/Berlin],2021-09-15T07:39:00+02:00[Europe/Berlin],240,00:04:00,GitPython,Byron,https://github.com/gitpython-developers/GitPython/discussions/1343,,Byron,,0.07
2021-09-15T07:39:00+02:00[Europe/Berlin],2021-09-15T07:50:00+02:00[Europe/Berlin],660,00:11:00,GitPython,Byron,https://github.com/gitpython-developers/GitPython/pull/1340#issuecomment-919588065,,Byron,,0.18
2021-09-15T07:53:00+02:00[Europe/Berlin],2021-09-15T07:59:00+02:00[Europe/Berlin],360,00:06:00,maintenance,Byron,Criner progress bar stability,,Byron,,0.10
2021-09-15T07:59:00+02:00[Europe/Berlin],2021-09-15T08:34:00+02:00[Europe/Berlin],2100,00:35:00,gitoxide,Radicle,changelog binary,,Byron,,0.58
2021-09-15T10:43:00+02:00[Europe/Berlin],2021-09-15T11:58:00+02:00[Europe/Berlin],4500,01:15:00,gitoxide,Radicle,"basic changelog tests, codebase refactoring to support changelog command; begin changelog preamble",,Byron,,1.25
2021-09-15T12:30:00+02:00[Europe/Berlin],2021-09-15T12:44:00+02:00[Europe/Berlin],840,00:14:00,gitoxide,Radicle,continue https://github.com/Byron/gitoxide/pull/199,,Byron,,0.23
2021-09-15T14:14:00+02:00[Europe/Berlin],2021-09-15T17:13:00+02:00[Europe/Berlin],10740,02:59:00,gitoxide,Radicle,"Keep working on #199, humble beginnings, filtering of tags by name and with ancestors, showing shortcomings in git-repository that need fixing there.",,Byron,,2.98
2021-09-15T19:50:00+02:00[Europe/Berlin],2021-09-15T21:16:00+02:00[Europe/Berlin],5160,01:26:00,gitoxide,Radicle,Fix prefix handling with paths and add support for peeling in git-repository.,,Byron,,1.43
2021-09-15T21:34:00+02:00[Europe/Berlin],2021-09-15T21:48:00+02:00[Europe/Berlin],840,00:14:00,gitoxide,Radicle,"Wrap up commits, EOD",,Byron,,0.23
2021-09-16T07:36:00+02:00[Europe/Berlin],2021-09-16T07:45:00+02:00[Europe/Berlin],540,00:09:00,GitPython,Byron,https://github.com/gitpython-developers/GitPython/pull/1340,,Byron,,0.15
2021-09-16T08:39:00+02:00[Europe/Berlin],2021-09-16T10:27:00+02:00[Europe/Berlin],6480,01:48:00,gitoxide,Radicle,"Slowly move towards building up the actual commit history, fix API shortcomings; figure out a good way to speed up object access while allowing to get commits easily.",,Byron,,1.80
2021-09-16T10:38:00+02:00[Europe/Berlin],2021-09-16T11:42:00+02:00[Europe/Berlin],3840,01:04:00,gitoxide,Radicle,Fetch commit history; nearly done with history segmentation,,Byron,,1.07
2021-09-16T13:51:00+02:00[Europe/Berlin],2021-09-16T14:43:00+02:00[Europe/Berlin],3120,00:52:00,gitoxide,Radicle,Sketch out object cache to see performance wins in cargo-smart-release,,Byron,,0.87
2021-09-16T15:07:00+02:00[Europe/Berlin],2021-09-16T17:01:00+02:00[Europe/Berlin],6840,01:54:00,gitoxide,Radicle,"Easier ways to control the object and pack-cache, whereas object caches are for applications, the pack-cache currently can’t be controlled by it because it’s unstable.",,Byron,,1.90
2021-09-16T17:39:00+02:00[Europe/Berlin],2021-09-16T18:02:00+02:00[Europe/Berlin],1380,00:23:00,gitoxide,Radicle,wrap up configurability of cache; prepare for more proper repository configuration.,,Byron,,0.38
2021-09-16T18:38:00+02:00[Europe/Berlin],2021-09-16T19:04:00+02:00[Europe/Berlin],1560,00:26:00,gitoxide,Radicle,"cache specific configuration from environment, let’s not pile up tech-debt if there are easy and obvious solutions",,Byron,,0.43
2021-09-16T19:48:00+02:00[Europe/Berlin],2021-09-16T21:29:00+02:00[Europe/Berlin],6060,01:41:00,gitoxide,Radicle,"Finish filtering of change segments by commits that touched the crate paths, fast and slow paths which are all speedy.",,Byron,,1.68
2021-09-17T07:21:00+02:00[Europe/Berlin],2021-09-17T08:28:00+02:00[Europe/Berlin],4020,01:07:00,gitoxide,Radicle,"research and settle on a way to parse messages, one that saves a lot of time by reusing an existing crate: git-conventional",,Byron,,1.12
2021-09-17T11:11:00+02:00[Europe/Berlin],2021-09-17T11:24:00+02:00[Europe/Berlin],780,00:13:00,gitoxide,Radicle,"research the commit message format to learn about common (optional) denominators, like signoff footers.",,Byron,,0.22
2021-09-17T11:38:00+02:00[Europe/Berlin],2021-09-17T12:24:00+02:00[Europe/Berlin],2760,00:46:00,gitoxide,Radicle,Prepare basic message parsing for git-object as optional step,,Byron,,0.77
2021-09-17T13:40:00+02:00[Europe/Berlin],2021-09-17T15:26:00+02:00[Europe/Berlin],6360,01:46:00,gitoxide,Radicle,basic commit message parsing with tests in git-object; commit summary in git-object.,,Byron,,1.77
2021-09-18T09:20:00+02:00[Europe/Berlin],2021-09-18T09:38:00+02:00[Europe/Berlin],1080,00:18:00,maintenance,Byron,https://github.com/gitpython-developers/GitPython/issues/1345 gitpython release; https://github.com/Byron/dua-cli/pull/107,,Byron,,0.30
2021-09-18T09:39:00+02:00[Europe/Berlin],2021-09-18T10:13:00+02:00[Europe/Berlin],2040,00:34:00,gitoxide,Radicle,research https://github.com/Byron/gitoxide/issues/200 and propose a seemingly viable solution.,,Byron,,0.57
2021-09-18T10:23:00+02:00[Europe/Berlin],2021-09-18T10:48:00+02:00[Europe/Berlin],1500,00:25:00,gitoxide,Radicle,"resarch trailers, decide not to handle them as it’s complicated, research nom and how to ‘greedily’ apply a parser. Found a solution I think.",,Byron,,0.42
2021-09-18T11:35:00+02:00[Europe/Berlin],2021-09-18T12:38:00+02:00[Europe/Berlin],3780,01:03:00,gitoxide,Radicle,greedy step-wise nom-parsing should work and it will,,Byron,,1.05
2021-09-18T13:42:00+02:00[Europe/Berlin],2021-09-18T15:03:00+02:00[Europe/Berlin],4860,01:21:00,gitoxide,Radicle,"Finally finish nom version of subject/summary parsing, with windows support. It’s probably better than the simpler code of before as it won’t try twice to handle windows separators.",,Byron,,1.35
2021-09-18T15:12:00+02:00[Europe/Berlin],2021-09-18T16:01:00+02:00[Europe/Berlin],2940,00:49:00,gitoxide,Radicle,Sketch body() API to ultimately obtain a footer-less body message,,Byron,,0.82
2021-09-18T16:17:00+02:00[Europe/Berlin],2021-09-18T16:35:00+02:00[Europe/Berlin],1080,00:18:00,gitoxide,Radicle,continue with trailer parsing,,Byron,,0.30
2021-09-18T16:46:00+02:00[Europe/Berlin],2021-09-18T18:21:00+02:00[Europe/Berlin],5700,01:35:00,gitoxide,Radicle,Trailer parsing to finally get down to the actual body message of a commit.,,Byron,,1.58
2021-09-18T18:49:00+02:00[Europe/Berlin],2021-09-18T20:31:00+02:00[Europe/Berlin],6120,01:42:00,gitoxide,Radicle,"Continue with parsing messages on smart-log level, first try git-conventional, then the more primitive way.",,Byron,,1.70
2021-09-19T08:15:00+02:00[Europe/Berlin],2021-09-19T08:23:00+02:00[Europe/Berlin],480,00:08:00,maintenance,Byron,https://github.com/Byron/google-apis-rs/issues/297; https://github.com/gitpython-developers/GitPython/issues/491#issuecomment-922381391,,Byron,,0.13
2021-09-19T08:23:00+02:00[Europe/Berlin],2021-09-19T08:35:00+02:00[Europe/Berlin],720,00:12:00,gitoxide,Radicle,https://github.com/crate-ci/git-conventional/pull/16#issuecomment-922394203,,Byron,,0.20
2021-09-19T08:58:00+02:00[Europe/Berlin],2021-09-19T09:02:00+02:00[Europe/Berlin],240,00:04:00,maintenance,Byron,https://github.com/subamanis/mezura/issues/1#issuecomment-922396307,,Byron,,0.07
2021-09-19T09:02:00+02:00[Europe/Berlin],2021-09-19T09:26:00+02:00[Europe/Berlin],1440,00:24:00,gitoxide,Radicle,https://github.com/crate-ci/git-conventional/pull/16#issuecomment-922398473,,Byron,,0.40
2021-09-19T09:26:00+02:00[Europe/Berlin],2021-09-19T11:59:00+02:00[Europe/Berlin],9180,02:33:00,gitoxide,Radicle,"Keep working on #198, fix #200",,Byron,,2.55
2021-09-19T13:36:00+02:00[Europe/Berlin],2021-09-19T14:25:00+02:00[Europe/Berlin],2940,00:49:00,gitoxide,Radicle,strip descriptions of issue numbers,,Byron,,0.82
2021-09-19T17:53:00+02:00[Europe/Berlin],2021-09-19T18:14:00+02:00[Europe/Berlin],1260,00:21:00,gitoxide,Radicle,Another test for upload pack error reporting; https://github.com/Byron/gitoxide/issues/200#issuecomment-922448910,,Byron,,0.35
2021-09-19T19:56:00+02:00[Europe/Berlin],2021-09-19T21:04:00+02:00[Europe/Berlin],4080,01:08:00,gitoxide,Radicle,"Get to the exact point where markdown generation comes into play. It’s definitely worth looking into parallelizing this right away, it’s easy and should yield nice speedups on a per-crate basis.",,Byron,,1.13
2021-09-20T07:41:00+02:00[Europe/Berlin],2021-09-20T08:58:00+02:00[Europe/Berlin],4620,01:17:00,gitoxide,GitHub Sponsors,Write most of the sponsor email,,Byron,,1.28
2021-09-20T20:28:00+02:00[Europe/Berlin],2021-09-20T20:32:00+02:00[Europe/Berlin],240,00:04:00,GitPython,Byron,https://github.blog/changelog/2021-07-01-github-actions-new-settings-for-maintainers/,,Byron,,0.07
2021-09-20T20:56:00+02:00[Europe/Berlin],2021-09-20T21:04:00+02:00[Europe/Berlin],480,00:08:00,gitoxide,Radicle,https://github.com/Byron/gitoxide/issues/202 (fix),,Byron,,0.13
2021-09-20T21:25:00+02:00[Europe/Berlin],2021-09-20T21:35:00+02:00[Europe/Berlin],600,00:10:00,gitoxide,GitHub Sponsors,Finish first draft of the sponsor email,,Byron,,0.17
2021-09-21T08:22:00+02:00[Europe/Berlin],2021-09-21T08:29:00+02:00[Europe/Berlin],420,00:07:00,GitPython,Byron,https://github.com/gitpython-developers/GitPython/pull/1346,,Byron,,0.12
2021-09-21T08:29:00+02:00[Europe/Berlin],2021-09-21T08:54:00+02:00[Europe/Berlin],1500,00:25:00,gitoxide,GitHub Sponsors,,,Byron,,0.42
2021-09-21T11:02:00+02:00[Europe/Berlin],2021-09-21T11:58:00+02:00[Europe/Berlin],3360,00:56:00,gitoxide,GitHub Sponsors,“Easy” for pack-create well in progress,,Byron,,0.93
2021-09-21T13:31:00+02:00[Europe/Berlin],2021-09-21T14:17:00+02:00[Europe/Berlin],2760,00:46:00,gitoxide,GitHub Sponsors,"Use easy as much as possible in pack-create, learning that the pack creation API is a little low-level for that. In fact, that code would have to move to git-repository for easy to be more usable.",,Byron,,0.77
2021-09-21T15:12:00+02:00[Europe/Berlin],2021-09-21T15:46:00+02:00[Europe/Berlin],2040,00:34:00,gitoxide,GitHub Sponsors,study whats there to get back in,,Byron,,0.57
2021-09-21T16:16:00+02:00[Europe/Berlin],2021-09-21T18:33:00+02:00[Europe/Berlin],8220,02:17:00,gitoxide,GitHub Sponsors,,,Byron,,2.28
2021-09-21T19:45:00+02:00[Europe/Berlin],2021-09-21T20:02:00+02:00[Europe/Berlin],1020,00:17:00,gitoxide,GitHub Sponsors,update sponsor email; add trait for Object cache,,Byron,,0.28
2021-09-21T20:24:00+02:00[Europe/Berlin],2021-09-21T21:00:00+02:00[Europe/Berlin],2160,00:36:00,gitoxide,GitHub Sponsors,"refactoring to make cache::Object official with its own trait, which helps API clarity and should help git-repository in future (which uses the same)",,Byron,,0.60
2021-09-22T07:35:00+02:00[Europe/Berlin],2021-09-22T07:53:00+02:00[Europe/Berlin],1080,00:18:00,gitoxide,Radicle,https://github.com/Byron/gitoxide/issues/205#issuecomment-924470590,,Byron,,0.30
2021-09-22T11:22:00+02:00[Europe/Berlin],2021-09-22T11:30:00+02:00[Europe/Berlin],480,00:08:00,gitoxide,Radicle,validate assumptions about (null); see where to add code that handles this.,,Byron,,0.13
2021-09-22T11:37:00+02:00[Europe/Berlin],2021-09-22T12:11:00+02:00[Europe/Berlin],2040,00:34:00,gitoxide,Radicle,Address https://github.com/Byron/gitoxide/issues/205,,Byron,,0.57
2021-09-22T14:57:00+02:00[Europe/Berlin],2021-09-22T17:09:00+02:00[Europe/Berlin],7920,02:12:00,gitoxide,GitHub Sponsors,pack-create research and improvements,,Byron,,2.20
2021-09-22T17:17:00+02:00[Europe/Berlin],2021-09-22T18:38:00+02:00[Europe/Berlin],4860,01:21:00,gitoxide,GitHub Sponsors,Try to further enhance counting performance with custom hasher,,Byron,,1.35
2021-09-22T19:00:00+02:00[Europe/Berlin],2021-09-22T20:08:00+02:00[Europe/Berlin],4080,01:08:00,gitoxide,GitHub Sponsors,Finish newsletter for sponsors,,Byron,,1.13
2021-09-22T20:12:00+02:00[Europe/Berlin],2021-09-22T21:46:00+02:00[Europe/Berlin],5640,01:34:00,gitoxide,GitHub Sponsors,"Search for more performance improvements in gits code, found one at least.",,Byron,,1.57
2021-09-22T22:01:00+02:00[Europe/Berlin],2021-09-22T22:15:00+02:00[Europe/Berlin],840,00:14:00,gitoxide,GitHub Sponsors,"perf tests with linux pack, it looks quite promising after all",,Byron,,0.23
2021-09-23T07:26:00+02:00[Europe/Berlin],2021-09-23T07:30:00+02:00[Europe/Berlin],240,00:04:00,GitPython,Byron,https://github.com/gitpython-developers/GitPython/discussions/1348?converting=1,,Byron,,0.07
2021-09-23T07:31:00+02:00[Europe/Berlin],2021-09-23T07:39:00+02:00[Europe/Berlin],480,00:08:00,gitoxide,Byron,https://www.reddit.com/r/rust/comments/ptipgj/gitoxide_august_update/,,Byron,,0.13
2021-09-23T07:39:00+02:00[Europe/Berlin],2021-09-23T07:56:00+02:00[Europe/Berlin],1020,00:17:00,gitoxide,Radicle,get back into changelog generation,,Byron,,0.28
2021-09-23T09:16:00+02:00[Europe/Berlin],2021-09-23T10:06:00+02:00[Europe/Berlin],3000,00:50:00,gitoxide,Radicle,start history item to changelog conversion,,Byron,,0.83
2021-09-23T10:34:00+02:00[Europe/Berlin],2021-09-23T11:22:00+02:00[Europe/Berlin],2880,00:48:00,gitoxide,Radicle,"Continue on transforming internal history items to changelog items, just the headline information for now to get to to get through all layers faster.",,Byron,,0.80
2021-09-23T13:41:00+02:00[Europe/Berlin],2021-09-23T14:53:00+02:00[Europe/Berlin],4320,01:12:00,gitoxide,Radicle,"Changelog generation is coming together nicely, next up is markdown serialization",,Byron,,1.20
2021-09-23T15:07:00+02:00[Europe/Berlin],2021-09-23T16:55:00+02:00[Europe/Berlin],6480,01:48:00,gitoxide,Radicle,print generated changelog and start of parsing it back,,Byron,,1.80
2021-09-23T18:20:00+02:00[Europe/Berlin],2021-09-23T20:07:00+02:00[Europe/Berlin],6420,01:47:00,gitoxide,Radicle,"basic parsing works, as well as handling entirely unknown regions. Need sample of pulldown-cmark based parsing though.",,Byron,,1.78
2021-09-23T20:15:00+02:00[Europe/Berlin],2021-09-23T20:32:00+02:00[Europe/Berlin],1020,00:17:00,gitoxide,Radicle,"prepare event parsing, research a bit",,Byron,,0.28
2021-09-23T21:22:00+02:00[Europe/Berlin],2021-09-23T22:51:00+02:00[Europe/Berlin],5340,01:29:00,gitoxide,Radicle,Round trip parsing with tests - it works great and it will scale trivially to the fully generated log.,,Byron,,1.48
2021-09-24T07:25:00+02:00[Europe/Berlin],2021-09-24T07:32:00+02:00[Europe/Berlin],420,00:07:00,GitPython,Byron,https://github.com/gitpython-developers/GitPython/issues/1349#issuecomment-926237158,,Byron,,0.12
2021-09-24T15:19:00+02:00[Europe/Berlin],2021-09-24T15:42:00+02:00[Europe/Berlin],1380,00:23:00,gitoxide,Radicle,prepare merging,,Byron,,0.38
2021-09-24T16:02:00+02:00[Europe/Berlin],2021-09-24T16:12:00+02:00[Europe/Berlin],600,00:10:00,gitoxide,Radicle,https://github.com/Byron/gitoxide/issues/205#issuecomment-926434835,,Byron,,0.17
2021-09-24T16:12:00+02:00[Europe/Berlin],2021-09-24T17:30:00+02:00[Europe/Berlin],4680,01:18:00,gitoxide,Radicle,prepare for merging; https://github.com/Byron/gitoxide/issues/205#issuecomment-926484894,,Byron,,1.30
2021-09-24T17:58:00+02:00[Europe/Berlin],2021-09-24T18:12:00+02:00[Europe/Berlin],840,00:14:00,gitoxide,Radicle,https://github.com/Byron/gitoxide/issues/205#issuecomment-926454376,,Byron,,0.23
2021-09-24T21:58:00+02:00[Europe/Berlin],2021-09-24T22:14:00+02:00[Europe/Berlin],960,00:16:00,gitoxide,Radicle,https://github.com/Byron/gitoxide/issues/205#issuecomment-926556806; status update to Kim in keybase,,Byron,,0.27
2021-09-25T10:32:00+02:00[Europe/Berlin],2021-09-25T10:34:00+02:00[Europe/Berlin],120,00:02:00,GitPython,Byron,Check new emails/issues,,Byron,,0.03
2021-09-25T10:34:00+02:00[Europe/Berlin],2021-09-25T10:45:00+02:00[Europe/Berlin],660,00:11:00,maintenance,Byron,https://github.com/Byron/pulldown-cmark-to-cmark/pull/29,,Byron,,0.18
2021-09-25T11:12:00+02:00[Europe/Berlin],2021-09-25T11:48:00+02:00[Europe/Berlin],2160,00:36:00,gitoxide,Radicle,continue with merging changelogs,,Byron,,0.60
2021-09-25T13:24:00+02:00[Europe/Berlin],2021-09-25T14:09:00+02:00[Europe/Berlin],2700,00:45:00,gitoxide,Radicle,"finding insertion points, getting close",,Byron,,0.75
2021-09-25T14:29:00+02:00[Europe/Berlin],2021-09-25T15:21:00+02:00[Europe/Berlin],3120,00:52:00,gitoxide,Radicle,"merging is working (as far as the little data that we have goes), it’s more of a framework that needs to be extended now to handle real-world usecases.",,Byron,,0.87
2021-09-25T16:51:00+02:00[Europe/Berlin],2021-09-25T17:00:00+02:00[Europe/Berlin],540,00:09:00,gitoxide,Radicle,refactor unit to become integration tests,,Byron,,0.15
2021-09-25T17:09:00+02:00[Europe/Berlin],2021-09-25T17:37:00+02:00[Europe/Berlin],1680,00:28:00,gitoxide,Radicle,start refactoring parsing a little to get to using ranges instead of degenerating everything to text.,,Byron,,0.47
2021-09-25T20:00:00+02:00[Europe/Berlin],2021-09-25T21:14:00+02:00[Europe/Berlin],4440,01:14:00,gitoxide,Radicle,"a more granular way of parsing unknown sections. It works, but has problems with non-inline links.",,Byron,,1.23
2021-09-25T21:29:00+02:00[Europe/Berlin],2021-09-25T22:15:00+02:00[Europe/Berlin],2760,00:46:00,gitoxide,Radicle,"Write first changelogs, for now only with minimal added information, besides the actual releases and their dates. Already very nice!",,Byron,,0.77
2021-09-26T08:48:00+02:00[Europe/Berlin],2021-09-26T09:07:00+02:00[Europe/Berlin],1140,00:19:00,gitoxide,Radicle,"Fix windows test breakage; experiment a little with other projects to see what kind of changelog would be generated; adjust the way forward towards integrating it with smart-release right away, because it’s already useful.",,Byron,,0.32
2021-09-26T09:48:00+02:00[Europe/Berlin],2021-09-26T10:42:00+02:00[Europe/Berlin],3240,00:54:00,gitoxide,Radicle,unconditional (but flaggable) creation of changelogs during smart-release,,Byron,,0.90
2021-09-26T18:17:00+02:00[Europe/Berlin],2021-09-26T20:20:00+02:00[Europe/Berlin],7380,02:03:00,gitoxide,Radicle,"Write changelogs during release, let empty sections for current release stop the release-process; prepare for previewing the changes as well.",,Byron,,2.05
2021-09-26T21:26:00+02:00[Europe/Berlin],2021-09-26T22:17:00+02:00[Europe/Berlin],3060,00:51:00,gitoxide,Radicle,preview support for changelogs during smart-release; figure out how to handle non-editable sections to ease implementation of statistics before going all in with generating git-conventional powered headlines.,,Byron,,0.85
2021-09-27T10:02:00+02:00[Europe/Berlin],2021-09-27T10:56:00+02:00[Europe/Berlin],3240,00:54:00,gitoxide,Radicle,refactor statistical segments to alleviate the need for parsing the back,,Byron,,0.90
2021-09-27T11:32:00+02:00[Europe/Berlin],2021-09-27T12:08:00+02:00[Europe/Berlin],2160,00:36:00,gitoxide,Radicle,Add basic read-only statistics,,Byron,,0.60
2021-09-27T13:05:00+02:00[Europe/Berlin],2021-09-27T13:30:00+02:00[Europe/Berlin],1500,00:25:00,gitoxide,Radicle,more statistics,,Byron,,0.42
2021-09-27T13:54:00+02:00[Europe/Berlin],2021-09-27T16:33:00+02:00[Europe/Berlin],9540,02:39:00,gitoxide,Radicle,"commit details and some testing around that; it’s very helpful already actually,",,Byron,,2.65
2021-09-27T17:16:00+02:00[Europe/Berlin],2021-09-27T17:32:00+02:00[Europe/Berlin],960,00:16:00,gitoxide,Radicle,,,Byron,,0.27
2021-09-27T19:27:00+02:00[Europe/Berlin],2021-09-27T19:31:00+02:00[Europe/Berlin],240,00:04:00,gitoxide,Radicle,Look into short hash support,,Byron,,0.07
2021-09-27T21:28:00+02:00[Europe/Berlin],2021-09-27T22:32:00+02:00[Europe/Berlin],3840,01:04:00,gitoxide,Radicle,short hashes for detailed changelog information; fixup more changelogs,,Byron,,1.07
2021-09-28T07:01:00+02:00[Europe/Berlin],2021-09-28T07:18:00+02:00[Europe/Berlin],1020,00:17:00,maintenance,Byron,"Fix criner, they squashed history into one commit.",,Byron,,0.28
2021-09-28T07:42:00+02:00[Europe/Berlin],2021-09-28T08:00:00+02:00[Europe/Berlin],1080,00:18:00,gitoxide,GitHub Sponsors,Talk to/update Josh Triplett,,Byron,,0.30
2021-09-28T08:00:00+02:00[Europe/Berlin],2021-09-28T08:26:00+02:00[Europe/Berlin],1560,00:26:00,gitoxide,GitHub Sponsors,Improve pack access performance when LRU caches are used.,,Byron,,0.43
2021-09-28T08:27:00+02:00[Europe/Berlin],2021-09-28T08:32:00+02:00[Europe/Berlin],300,00:05:00,gitoxide,Radicle,prep additional tasks for the day,,Byron,,0.08
2021-09-28T09:34:00+02:00[Europe/Berlin],2021-09-28T10:14:00+02:00[Europe/Berlin],2400,00:40:00,gitoxide,Radicle,"Easy control of heading indentation; look into issue not getting the correct parents during traversal, leading to incorrect usage of changed commits",,Byron,,0.67
2021-09-28T13:17:00+02:00[Europe/Berlin],2021-09-28T14:18:00+02:00[Europe/Berlin],3660,01:01:00,gitoxide,Radicle,Fix all issues related to commit history traversal,,Byron,,1.02
2021-09-28T14:52:00+02:00[Europe/Berlin],2021-09-28T15:44:00+02:00[Europe/Berlin],3120,00:52:00,gitoxide,Radicle,more tests and reordering of section headers,,Byron,,0.87
2021-09-28T19:22:00+02:00[Europe/Berlin],2021-09-28T20:00:00+02:00[Europe/Berlin],2280,00:38:00,gitoxide,Radicle,smartly exclude statistical sections,,Byron,,0.63
2021-09-28T20:13:00+02:00[Europe/Berlin],2021-09-28T21:11:00+02:00[Europe/Berlin],3480,00:58:00,gitoxide,Radicle,commandline options to turn one or more changelog segments off,,Byron,,0.97
2021-09-29T08:12:00+02:00[Europe/Berlin],2021-09-29T08:18:00+02:00[Europe/Berlin],360,00:06:00,maintenance,Byron,https://github.com/Byron/google-apis-rs/issues/298#issuecomment-929716847,,Byron,,0.10
2021-09-29T08:18:00+02:00[Europe/Berlin],2021-09-29T08:23:00+02:00[Europe/Berlin],300,00:05:00,gitoxide,Radicle,recruiting/community work: https://github.com/Byron/gitoxide/issues/104#issuecomment-929719110,,Byron,,0.08
2021-09-29T15:15:00+02:00[Europe/Berlin],2021-09-29T16:18:00+02:00[Europe/Berlin],3780,01:03:00,gitoxide,Radicle,"research conventional segment and sketch out data structure, next up is merging, parsing and writing.",,Byron,,1.05
2021-09-29T19:41:00+02:00[Europe/Berlin],2021-09-29T19:59:00+02:00[Europe/Berlin],1080,00:18:00,gitoxide,Radicle,continue with generation of conventional segments,,Byron,,0.30
2021-09-29T21:11:00+02:00[Europe/Berlin],2021-09-29T22:15:00+02:00[Europe/Berlin],3840,01:04:00,gitoxide,Radicle,quick and dirty generation and write-out of git-conventional messages. A lot of logic missing to make it ‘smart’.,,Byron,,1.07
2021-09-30T09:01:00+02:00[Europe/Berlin],2021-09-30T09:47:00+02:00[Europe/Berlin],2760,00:46:00,gitoxide,Radicle,improve merge for statistics and git-conventional,,Byron,,0.77
2021-09-30T10:17:00+02:00[Europe/Berlin],2021-09-30T10:20:00+02:00[Europe/Berlin],180,00:03:00,maintenance,Byron,https://github.com/Byron/google-apis-rs/pull/299#pullrequestreview-767336606,,Byron,,0.05
2021-09-30T10:20:00+02:00[Europe/Berlin],2021-09-30T10:35:00+02:00[Europe/Berlin],900,00:15:00,GitPython,Byron,https://github.com/gitpython-developers/GitPython/pull/1351; https://github.com/gitpython-developers/GitPython/pull/1350#pullrequestreview-767341360,,Byron,,0.25
2021-09-30T10:35:00+02:00[Europe/Berlin],2021-09-30T10:51:00+02:00[Europe/Berlin],960,00:16:00,gitoxide,Radicle,"Setup comm channel with Casper, recruitement",,Byron,,0.27
2021-09-30T14:56:00+02:00[Europe/Berlin],2021-09-30T15:23:00+02:00[Europe/Berlin],1620,00:27:00,gitoxide,Radicle,"collaboration: https://github.com/Byron/gitoxide/issues/104#issuecomment-930915280; update Kim regarding progress; reach out to Casper, work on 1:1 with him.",,Byron,,0.45
2021-09-30T15:30:00+02:00[Europe/Berlin],2021-09-30T15:41:00+02:00[Europe/Berlin],660,00:11:00,gitoxide,Radicle,Chat with Kim,,Byron,,0.18
2021-09-30T18:58:00+02:00[Europe/Berlin],2021-09-30T20:25:00+02:00[Europe/Berlin],5220,01:27:00,gitoxide,Radicle,1:1 conversation with Caspar Beyer,,Byron,,1.45
2021-09-30T21:30:00+02:00[Europe/Berlin],2021-09-30T21:41:00+02:00[Europe/Berlin],660,00:11:00,gitoxide,Radicle,write down notes for 1:1 with Caspar,,Byron,,0.18
2021-10-01T22:17:00+02:00[Europe/Berlin],2021-10-01T22:23:00+02:00[Europe/Berlin],360,00:06:00,maintenance,Byron,https://github.com/Byron/dua-cli/discussions/109?converting=1,,Byron,,0.10
2021-10-01T22:24:00+02:00[Europe/Berlin],2021-10-01T22:41:00+02:00[Europe/Berlin],1020,00:17:00,GitPython,Byron,"a lot of GitPython, also https://github.com/gitpython-developers/GitPython/pull/1354#pullrequestreview-769056822",,Byron,,0.28
2021-10-02T20:29:00+02:00[Europe/Berlin],2021-10-02T20:34:00+02:00[Europe/Berlin],300,00:05:00,gitoxide,Radicle,merge Caspers first PR and give a heads-up for potential pairing tomorrow.,,Byron,,0.08
2021-10-02T22:17:00+02:00[Europe/Berlin],2021-10-02T22:24:00+02:00[Europe/Berlin],420,00:07:00,GitPython,Byron,https://github.com/gitpython-developers/GitPython/pull/1352#issuecomment-932760845,,Byron,,0.12
2021-10-03T19:23:00+02:00[Europe/Berlin],2021-10-03T19:47:00+02:00[Europe/Berlin],1440,00:24:00,GitPython,Byron,https://github.com/gitpython-developers/GitPython/pull/1355; https://github.com/gitpython-developers/GitPython/commit/b17bc980b1546159ceb119f04716f24b043fc3f8,,Byron,,0.40
2021-10-03T19:47:00+02:00[Europe/Berlin],2021-10-03T20:00:00+02:00[Europe/Berlin],780,00:13:00,maintenance,Byron,https://github.com/Byron/google-apis-rs/issues/300,,Byron,,0.22
2021-10-03T20:00:00+02:00[Europe/Berlin],2021-10-03T20:26:00+02:00[Europe/Berlin],1560,00:26:00,gitoxide,Radicle,Rollup weekly PR and create new one; realize how I forgot a PR for 10 days. https://github.com/Byron/gitoxide/pull/211; read https://radicle.community/t/temperature-check-growth-workstream/2509/5,,Byron,,0.43
2021-10-04T20:38:00+02:00[Europe/Berlin],2021-10-04T20:47:00+02:00[Europe/Berlin],540,00:09:00,maintenance,Byron,https://github.com/Byron/google-apis-rs/pull/299#issuecomment-933448830,,Byron,,0.15
2021-10-04T20:47:00+02:00[Europe/Berlin],2021-10-04T21:15:00+02:00[Europe/Berlin],1680,00:28:00,GitPython,Byron,https://github.com/gitpython-developers/GitPython/pull/1354#issuecomment-933474346,,Byron,,0.47
2021-10-05T20:07:00+02:00[Europe/Berlin],2021-10-05T20:15:00+02:00[Europe/Berlin],480,00:08:00,GitPython,Byron,https://github.com/gitpython-developers/GitPython/pull/1354#issuecomment-934354519,,Byron,,0.13
2021-10-05T20:15:00+02:00[Europe/Berlin],2021-10-05T20:21:00+02:00[Europe/Berlin],360,00:06:00,maintenance,Byron,https://github.com/Byron/google-apis-rs/pull/299,,Byron,,0.10
2021-10-05T20:29:00+02:00[Europe/Berlin],2021-10-05T20:30:00+02:00[Europe/Berlin],60,00:01:00,maintenance,Byron,https://github.com/Byron/google-apis-rs/pull/299,,Byron,,0.02
2021-10-07T20:49:00+02:00[Europe/Berlin],2021-10-07T20:59:00+02:00[Europe/Berlin],600,00:10:00,maintenance,Byron,"https://github.com/Byron/treediff-rs/pull/8 - also try changelog generation which worked a little, but still has a few issues for instance with the version being duplicated… and missing the date.",,Byron,,0.17
2021-10-07T21:00:00+02:00[Europe/Berlin],2021-10-07T21:08:00+02:00[Europe/Berlin],480,00:08:00,maintenance,Byron,https://github.com/Byron/google-apis-rs/pull/299#issuecomment-937775284,,Byron,,0.13
2021-10-08T09:55:00+02:00[Europe/Berlin],2021-10-08T10:00:00+02:00[Europe/Berlin],300,00:05:00,GitPython,Byron,https://github.com/gitpython-developers/GitPython/discussions/1357?converting=1,,Byron,,0.08
2021-10-08T11:25:00+02:00[Europe/Berlin],2021-10-08T11:31:00+02:00[Europe/Berlin],360,00:06:00,maintenance,Byron,https://github.com/Byron/google-apis-rs/issues/300#issuecomment-938309826,,Byron,,0.10
2021-10-08T11:37:00+02:00[Europe/Berlin],2021-10-08T12:18:00+02:00[Europe/Berlin],2460,00:41:00,gitoxide,Radicle,https://github.com/crate-ci/cargo-release/issues/82#issuecomment-938330294,,Byron,,0.68
2021-10-08T14:56:00+02:00[Europe/Berlin],2021-10-08T16:38:00+02:00[Europe/Berlin],6120,01:42:00,gitoxide,Radicle,Talk about gits future; grant program; 1:1 with Kim,,Byron,,1.70
2021-10-08T17:52:00+02:00[Europe/Berlin],2021-10-08T18:35:00+02:00[Europe/Berlin],2580,00:43:00,gitoxide,Radicle,experiment with basic setup for learning Rust by examples,,Byron,,0.72
2021-10-08T19:41:00+02:00[Europe/Berlin],2021-10-08T21:49:00+02:00[Europe/Berlin],7680,02:08:00,gitoxide,Radicle,Prepare and record the first session of “learning Rust with gitoxide”,,Byron,,2.13
2021-10-09T08:14:00+02:00[Europe/Berlin],2021-10-09T08:35:00+02:00[Europe/Berlin],1260,00:21:00,gitoxide,Radicle,https://www.reddit.com/r/rust/comments/q4alzd/learning_rust_with_gitoxide_the_essence_of_rust/,,Byron,,0.35
2021-10-09T16:22:00+02:00[Europe/Berlin],2021-10-09T17:40:00+02:00[Europe/Berlin],4680,01:18:00,gitoxide,Radicle,Write date to headlines as well when preparing changelogs during releases,,Byron,,1.30
2021-10-09T19:27:00+02:00[Europe/Berlin],2021-10-09T21:05:00+02:00[Europe/Berlin],5880,01:38:00,gitoxide,Radicle,merge git conventional sections and parse them back (early),,Byron,,1.63
2021-10-09T21:37:00+02:00[Europe/Berlin],2021-10-09T23:10:00+02:00[Europe/Berlin],5580,01:33:00,gitoxide,Radicle,"probably complete parsing of conventional changelog messages, more testing needed though.",,Byron,,1.55
2021-10-10T08:05:00+02:00[Europe/Berlin],2021-10-10T08:18:00+02:00[Europe/Berlin],780,00:13:00,maintenance,Byron,Recreate access tokens for counting github stars and star-track,,Byron,,0.22
2021-10-10T09:35:00+02:00[Europe/Berlin],2021-10-10T09:52:00+02:00[Europe/Berlin],1020,00:17:00,gitoxide,Radicle,https://github.com/crate-ci/cargo-release/issues/224#issuecomment-939390491,,Byron,,0.28
2021-10-10T14:36:00+02:00[Europe/Berlin],2021-10-10T15:46:00+02:00[Europe/Berlin],4200,01:10:00,Radicle Future,Radicle,Keep improving/testing git-conventional generation.,,Byron,,1.17
2021-10-10T15:46:00+02:00[Europe/Berlin],2021-10-10T18:18:00+02:00[Europe/Berlin],9120,02:32:00,Radicle Future,Radicle,onboard Casper,,Byron,,2.53
2021-10-10T19:21:00+02:00[Europe/Berlin],2021-10-10T20:21:00+02:00[Europe/Berlin],3600,01:00:00,Radicle Future,Radicle,more polish for handling conventional git,,Byron,,1
2021-10-10T20:34:00+02:00[Europe/Berlin],2021-10-10T22:23:00+02:00[Europe/Berlin],6540,01:49:00,Radicle Future,Radicle,polish conventional commits and statistics and regenerate and alter all changelogs.,,Byron,,1.82
2021-10-11T07:25:00+02:00[Europe/Berlin],2021-10-11T08:49:00+02:00[Europe/Berlin],5040,01:24:00,Radicle Future,Radicle,handle gitoxide inbox; rollup PR to get a new one to finish changelog support hopefully this week; research existing changelog styles more and look into git-cliff a little (3.3k stars by now).,,Byron,,1.40
2021-10-11T09:59:00+02:00[Europe/Berlin],2021-10-11T10:56:00+02:00[Europe/Berlin],3420,00:57:00,Radicle Future,Radicle,"prepare linking to important items, on demand",,Byron,,0.95
2021-10-11T11:45:00+02:00[Europe/Berlin],2021-10-11T11:48:00+02:00[Europe/Berlin],180,00:03:00,Radicle Future,Radicle,part of the actual link implementation for hashes,,Byron,,0.05
2021-10-11T15:33:00+02:00[Europe/Berlin],2021-10-11T18:01:00+02:00[Europe/Berlin],8880,02:28:00,Radicle Future,Radicle,support for markdown links (on demand) and preparation of auto-mode for version bump based on history.,,Byron,,2.47
2021-10-11T19:01:00+02:00[Europe/Berlin],2021-10-11T21:11:00+02:00[Europe/Berlin],7800,02:10:00,Radicle Future,Radicle,small improvements to changelog generation; another episode of LRG; sharing of the vision for gitoxide and as an organisation,,Byron,,2.17
2021-10-12T08:09:00+02:00[Europe/Berlin],2021-10-12T08:11:00+02:00[Europe/Berlin],120,00:02:00,GitPython,Byron,https://github.com/gitpython-developers/GitPython/discussions/1359,,Byron,,0.03
2021-10-12T08:11:00+02:00[Europe/Berlin],2021-10-12T08:53:00+02:00[Europe/Berlin],2520,00:42:00,Radicle Future,Radicle,https://github.com/Byron/gitoxide/pull/213 ; https://github.com/Byron/gitoxide/pull/218,,Byron,,0.70
2021-10-12T10:25:00+02:00[Europe/Berlin],2021-10-12T10:44:00+02:00[Europe/Berlin],1140,00:19:00,Radicle Future,Radicle,https://github.com/Byron/gitoxide/issues/191#issuecomment-940602388; prepare automatic version deduction,,Byron,,0.32
2021-10-12T11:02:00+02:00[Europe/Berlin],2021-10-12T12:05:00+02:00[Europe/Berlin],3780,01:03:00,Radicle Future,Radicle,"auto-bump version seems to be working, but more testing on real-world examples needed to be sure. And some more tests, too",,Byron,,1.05
2021-10-12T14:47:00+02:00[Europe/Berlin],2021-10-12T16:24:00+02:00[Europe/Berlin],5820,01:37:00,Radicle Future,Radicle,more tests for auto-versioning. better messaging related to changelogs,,Byron,,1.62
2021-10-12T18:53:00+02:00[Europe/Berlin],2021-10-12T21:06:00+02:00[Europe/Berlin],7980,02:13:00,Radicle Future,Radicle,polish changelog generation/safety; record new episode of learning Rust with gitoxide.,,Byron,,2.22
2021-10-13T07:53:00+02:00[Europe/Berlin],2021-10-13T07:58:00+02:00[Europe/Berlin],300,00:05:00,GitPython,Byron,https://github.com/gitpython-developers/GitPython/discussions/1359#discussioncomment-1467620,,Byron,,0.08
2021-10-13T07:58:00+02:00[Europe/Berlin],2021-10-13T08:01:00+02:00[Europe/Berlin],180,00:03:00,GitPython,Byron,https://github.com/gitpython-developers/GitPython/pull/1360#issuecomment-941764448,,Byron,,0.05
2021-10-13T08:15:00+02:00[Europe/Berlin],2021-10-13T08:46:00+02:00[Europe/Berlin],1860,00:31:00,Radicle Future,Radicle,continue fleshing out changelog editing workflow.,,Byron,,0.52
2021-10-13T10:45:00+02:00[Europe/Berlin],2021-10-13T12:09:00+02:00[Europe/Berlin],5040,01:24:00,Radicle Future,Radicle,Further polishing (grinding off sharp edges more like) of changelog editing enforcement before a release is made.,,Byron,,1.40
2021-10-13T12:50:00+02:00[Europe/Berlin],2021-10-13T13:21:00+02:00[Europe/Berlin],1860,00:31:00,Radicle Future,Radicle,Work through all changelogs and fix logic to enable the next capability: tag objects with changelogs as messages.,,Byron,,0.52
2021-10-13T14:53:00+02:00[Europe/Berlin],2021-10-13T16:31:00+02:00[Europe/Berlin],5880,01:38:00,Radicle Future,Radicle,Customize changelog components/style to be suitable for tag objects and for github releases. Next: create tag objects.,,Byron,,1.63
2021-10-13T17:17:00+02:00[Europe/Berlin],2021-10-13T17:53:00+02:00[Europe/Berlin],2160,00:36:00,Radicle Future,Radicle,Quick impl of git-repository based tag object creation.,,Byron,,0.60
2021-10-13T18:30:00+02:00[Europe/Berlin],2021-10-13T19:31:00+02:00[Europe/Berlin],3660,01:01:00,Radicle Future,Radicle,create tag objects including test and some API improvements,,Byron,,1.02
2021-10-13T19:58:00+02:00[Europe/Berlin],2021-10-13T21:02:00+02:00[Europe/Berlin],3840,01:04:00,Radicle Future,Radicle,refactor; go through it with Sidney;,,Byron,,1.07
2021-10-13T21:14:00+02:00[Europe/Berlin],2021-10-13T22:51:00+02:00[Europe/Berlin],5820,01:37:00,Radicle Future,Radicle,record learning rust session,,Byron,,1.62
2021-10-14T07:58:00+02:00[Europe/Berlin],2021-10-14T09:16:00+02:00[Europe/Berlin],4680,01:18:00,Radicle Future,Radicle,First draft of github release creation for single-release mode. Multi-release mode trivial and to come next,,Byron,,1.30
2021-10-14T10:46:00+02:00[Europe/Berlin],2021-10-14T12:24:00+02:00[Europe/Berlin],5880,01:38:00,Radicle Future,Radicle,cleanup changelog writing; replace argh with clap and organize flags,,Byron,,1.63
2021-10-14T15:02:00+02:00[Europe/Berlin],2021-10-14T15:04:00+02:00[Europe/Berlin],120,00:02:00,GitPython,Byron,https://github.com/gitpython-developers/GitPython/pull/1361,,Byron,,0.03
2021-10-14T15:04:00+02:00[Europe/Berlin],2021-10-14T17:09:00+02:00[Europe/Berlin],7500,02:05:00,Radicle Future,Radicle,prepare and fix up smart-release to be ready for show: use it to handle ‘bat’ releases.,,Byron,,2.08
2021-10-14T17:10:00+02:00[Europe/Berlin],2021-10-14T18:12:00+02:00[Europe/Berlin],3720,01:02:00,Radicle Future,Radicle,"try to get bat release video done, but kept finding bugs :D",,Byron,,1.03
2021-10-14T18:57:00+02:00[Europe/Berlin],2021-10-14T19:43:00+02:00[Europe/Berlin],2760,00:46:00,Radicle Future,Radicle,Fix last smart-release issues encountered while recording their video.,,Byron,,0.77
2021-10-14T20:10:00+02:00[Europe/Berlin],2021-10-14T21:50:00+02:00[Europe/Berlin],6000,01:40:00,Radicle Future,Radicle,record long and short version of world release of changelog generation.,,Byron,,1.67
2021-10-15T07:26:00+02:00[Europe/Berlin],2021-10-15T07:29:00+02:00[Europe/Berlin],180,00:03:00,GitPython,Byron,https://github.com/gitpython-developers/GitPython/pull/1360,,Byron,,0.05
2021-10-15T07:29:00+02:00[Europe/Berlin],2021-10-15T07:31:00+02:00[Europe/Berlin],120,00:02:00,GitPython,Byron,https://github.com/gitpython-developers/GitPython/issues/944#issuecomment-943839020,,Byron,,0.03
2021-10-15T07:32:00+02:00[Europe/Berlin],2021-10-15T07:37:00+02:00[Europe/Berlin],300,00:05:00,GitPython,Byron,https://github.com/gitpython-developers/smmap/pull/46,,Byron,,0.08
2021-10-15T07:39:00+02:00[Europe/Berlin],2021-10-15T09:02:00+02:00[Europe/Berlin],4980,01:23:00,Radicle Future,Radicle,thumb-nails for learning Rust with gitoxide videos; try to add opening to smart-release changelog intro video and fail due to final cut pro just not working on macos monterey; adjust smart-release workflow based on yesterdays findings to make it even better.,,Byron,,1.38
2021-10-15T10:36:00+02:00[Europe/Berlin],2021-10-15T12:13:00+02:00[Europe/Berlin],5820,01:37:00,Radicle Future,Radicle,Keep on polishing and finish writing the changelog entry for the upcoming smart-release release,,Byron,,1.62
2021-10-15T15:46:00+02:00[Europe/Berlin],2021-10-15T15:56:00+02:00[Europe/Berlin],600,00:10:00,Radicle Future,Radicle,smart-release README update,,Byron,,0.17
2021-10-15T16:16:00+02:00[Europe/Berlin],2021-10-15T18:15:00+02:00[Europe/Berlin],7140,01:59:00,Radicle Future,Radicle,finally: cargo smart-release 0.4 is out with non-destructive changelog generation and a lot of material surrounding it: https://www.reddit.com/r/rust/comments/q8ldbu/cargo_smartrelease_04_now_with_nondestructive/,,Byron,,1.98
2021-10-15T21:03:00+02:00[Europe/Berlin],2021-10-15T21:09:00+02:00[Europe/Berlin],360,00:06:00,Radicle Future,Radicle,https://github.com/Byron/gitoxide/discussions/220;,,Byron,,0.10
2021-10-15T21:10:00+02:00[Europe/Berlin],2021-10-15T21:21:00+02:00[Europe/Berlin],660,00:11:00,GitPython,Byron,https://github.com/gitpython-developers/smmap/pull/46,,Byron,,0.18
2021-10-15T21:22:00+02:00[Europe/Berlin],2021-10-15T23:03:00+02:00[Europe/Berlin],6060,01:41:00,Radicle Future,Radicle,"record learning rust with gitoxide session, coach Sidney regarding Rust.",,Byron,,1.68
2021-10-16T08:06:00+02:00[Europe/Berlin],2021-10-16T09:28:00+02:00[Europe/Berlin],4920,01:22:00,Radicle Future,Radicle,"investigate and fix downstream breakage in radicle-link. Test and improve messaging in cargo smart-release, without finding a source for the issue as it seems to work.",,Byron,,1.37
2021-10-16T11:08:00+02:00[Europe/Berlin],2021-10-16T11:12:00+02:00[Europe/Berlin],240,00:04:00,gitoxide,Byron,https://github.com/Byron/gitoxide/discussions/220#discussioncomment-1485790,,Byron,,0.07
2021-10-16T11:22:00+02:00[Europe/Berlin],2021-10-16T12:25:00+02:00[Europe/Berlin],3780,01:03:00,Radicle Future,Radicle,start on https://github.com/Byron/gitoxide/pull/223,,Byron,,1.05
2021-10-16T13:33:00+02:00[Europe/Berlin],2021-10-16T13:53:00+02:00[Europe/Berlin],1200,00:20:00,Radicle Future,Radicle,"refactor to start make dependency tracking handle safety bumps and potentially version bumping, too.",,Byron,,0.33
2021-10-17T11:36:00+02:00[Europe/Berlin],2021-10-17T12:08:00+02:00[Europe/Berlin],1920,00:32:00,Radicle Future,Radicle,finish refacotoring to prepare dependency handling cleanup,,Byron,,0.53
2021-10-17T12:21:00+02:00[Europe/Berlin],2021-10-17T13:04:00+02:00[Europe/Berlin],2580,00:43:00,Radicle Future,Radicle,Now dependency resolver has the data it needs to bump versions (and decide which crates to include automatically),,Byron,,0.72
2021-10-17T14:23:00+02:00[Europe/Berlin],2021-10-17T15:35:00+02:00[Europe/Berlin],4320,01:12:00,Radicle Future,Radicle,Further cleanup of dependency handling and reporting,,Byron,,1.20
2021-10-17T16:10:00+02:00[Europe/Berlin],2021-10-17T17:12:00+02:00[Europe/Berlin],3720,01:02:00,Radicle Future,Radicle,keep refactoring,,Byron,,1.03
2021-10-17T17:23:00+02:00[Europe/Berlin],2021-10-17T18:28:00+02:00[Europe/Berlin],3900,01:05:00,Radicle Future,Radicle,More refactoring,,Byron,,1.08
2021-10-17T18:41:00+02:00[Europe/Berlin],2021-10-17T19:16:00+02:00[Europe/Berlin],2100,00:35:00,Radicle Future,Radicle,refactoring,,Byron,,0.58
2021-10-17T19:24:00+02:00[Europe/Berlin],2021-10-17T20:46:00+02:00[Europe/Berlin],4920,01:22:00,Radicle Future,Radicle,"even more refactoring, now it’s time to do the safety-bumping as well as the ‘for manifest-fixing’ handling",,Byron,,1.37
2021-10-17T21:18:00+02:00[Europe/Berlin],2021-10-17T22:57:00+02:00[Europe/Berlin],5940,01:39:00,Radicle Future,Radicle,new dependency engine can do everything but figuring out safety bumping. This can now be implemented.,,Byron,,1.65
2021-10-18T07:26:00+02:00[Europe/Berlin],2021-10-18T08:41:00+02:00[Europe/Berlin],4500,01:15:00,Radicle Future,Radicle,work on the graph traversal to mark crate edits,,Byron,,1.25
2021-10-18T09:12:00+02:00[Europe/Berlin],2021-10-18T10:03:00+02:00[Europe/Berlin],3060,00:51:00,Radicle Future,Radicle,"continue with backwards traversal, search, for collecting breaking changes.",,Byron,,0.85
2021-10-18T10:26:00+02:00[Europe/Berlin],2021-10-18T11:52:00+02:00[Europe/Berlin],5160,01:26:00,Radicle Future,Radicle,"First success with backward search, but it seems to not find all the paths yet",,Byron,,1.43
2021-10-18T12:38:00+02:00[Europe/Berlin],2021-10-18T12:58:00+02:00[Europe/Berlin],1200,00:20:00,Radicle Future,Radicle,Wrap up forward propagation for purpose of publishing. Next up: forward propagation for manifest update.,,Byron,,0.33
2021-10-18T13:35:00+02:00[Europe/Berlin],2021-10-18T14:33:00+02:00[Europe/Berlin],3480,00:58:00,Radicle Future,Radicle,"forward traversal, seems to work",,Byron,,0.97
2021-10-18T14:44:00+02:00[Europe/Berlin],2021-10-18T14:48:00+02:00[Europe/Berlin],240,00:04:00,Radicle Future,Radicle,commit previous improvements,,Byron,,0.07
2021-10-18T15:15:00+02:00[Europe/Berlin],2021-10-18T17:33:00+02:00[Europe/Berlin],8280,02:18:00,Radicle Future,Radicle,"handle unpublishable crates, fix changelog handling related to dependencies, get right to adjusting the manifest rewrite engine to use the prepared dependency list",,Byron,,2.30
2021-10-18T17:47:00+02:00[Europe/Berlin],2021-10-18T18:44:00+02:00[Europe/Berlin],3420,00:57:00,Radicle Future,Radicle,Start integrating ‘Dependency’ type into manifest writer. It will be greatly simplified in the process.,,Byron,,0.95
2021-10-18T19:13:00+02:00[Europe/Berlin],2021-10-18T21:05:00+02:00[Europe/Berlin],6720,01:52:00,Radicle Future,Radicle,"Let manifest engine use ready-made dependencies. Look at tests one by one to assure it’s not too bad, there are small oddities, but its no less correct, especially around newly created crates.",,Byron,,1.87
2021-10-18T21:31:00+02:00[Europe/Berlin],2021-10-18T23:12:00+02:00[Europe/Berlin],6060,01:41:00,Radicle Future,Radicle,try to wrap up with a new release but notice that dependencies aren’t quite there yet.,,Byron,,1.68
2021-10-19T07:52:00+02:00[Europe/Berlin],2021-10-19T09:25:00+02:00[Europe/Berlin],5580,01:33:00,Radicle Future,Radicle,more improvements to smart-release to get closer to actually releasing gitoxide again.,,Byron,,1.55
2021-10-19T10:11:00+02:00[Europe/Berlin],2021-10-19T11:03:00+02:00[Europe/Berlin],3120,00:52:00,Radicle Future,Radicle,Greatly improve reporting and abort conditions,,Byron,,0.87
2021-10-19T11:14:00+02:00[Europe/Berlin],2021-10-19T11:50:00+02:00[Europe/Berlin],2160,00:36:00,Radicle Future,Radicle,more minor improvements to the point where assuring correct ordering one way or another is the last thing on the list before a release is finally possible.,,Byron,,0.60
2021-10-19T13:02:00+02:00[Europe/Berlin],2021-10-19T14:23:00+02:00[Europe/Berlin],4860,01:21:00,Radicle Future,Radicle,Fix all remaining issues in smart-release and prepare for releasing everything.,,Byron,,1.35
2021-10-19T15:10:00+02:00[Europe/Berlin],2021-10-19T16:31:00+02:00[Europe/Berlin],4860,01:21:00,Radicle Future,Radicle,"everything ready to go now for publish, one break before recording this event.",,Byron,,1.35
2021-10-19T16:41:00+02:00[Europe/Berlin],2021-10-19T17:24:00+02:00[Europe/Berlin],2580,00:43:00,Radicle Future,Radicle,release everithing again,,Byron,,0.72
2021-10-19T17:33:00+02:00[Europe/Berlin],2021-10-19T17:48:00+02:00[Europe/Berlin],900,00:15:00,Radicle Future,Radicle,another fix to smart-release omg,,Byron,,0.25
2021-10-19T19:43:00+02:00[Europe/Berlin],2021-10-19T19:58:00+02:00[Europe/Berlin],900,00:15:00,Radicle Future,Radicle,improvement to how unchanged crates are handled. It’s odd there is a discrepancy anyway…aaaah,,Byron,,0.25
2021-10-19T20:03:00+02:00[Europe/Berlin],2021-10-19T21:15:00+02:00[Europe/Berlin],4320,01:12:00,Radicle Future,Radicle,https://github.com/radicle-dev/radicle-link/pull/790#issuecomment-946712412; https://github.com/Byron/gitoxide/releases/tag/cargo-smart-release-v0.5.1,,Byron,,1.20
2021-10-20T07:03:00+02:00[Europe/Berlin],2021-10-20T07:48:00+02:00[Europe/Berlin],2700,00:45:00,Radicle Future,Radicle,Last fixes to smart-release for more atomic operation.,,Byron,,0.75
2021-10-20T07:49:00+02:00[Europe/Berlin],2021-10-20T08:05:00+02:00[Europe/Berlin],960,00:16:00,gitoxide,Byron,fix gitoxide builds,,Byron,,0.27
2021-10-20T08:21:00+02:00[Europe/Berlin],2021-10-20T08:32:00+02:00[Europe/Berlin],660,00:11:00,gitoxide,Byron,https://github.com/Byron/gitoxide/issues/227,,Byron,,0.18
2021-10-20T08:32:00+02:00[Europe/Berlin],2021-10-20T08:37:00+02:00[Europe/Berlin],300,00:05:00,GitPython,Byron,https://github.com/gitpython-developers/GitPython/issues/1362,,Byron,,0.08
2021-10-20T09:32:00+02:00[Europe/Berlin],2021-10-20T10:02:00+02:00[Europe/Berlin],1800,00:30:00,Radicle Future,Radicle,"Try to spread cargo smart-release into `bat`, 30k stars",,Byron,,0.50
2021-10-20T12:20:00+02:00[Europe/Berlin],2021-10-20T12:51:00+02:00[Europe/Berlin],1860,00:31:00,Radicle Future,Radicle,get rid of minor tasks; see if ripgrep can get the smart-release treatment.,,Byron,,0.52
2021-10-20T15:29:00+02:00[Europe/Berlin],2021-10-20T16:44:00+02:00[Europe/Berlin],4500,01:15:00,Radicle Future,Radicle,Support for no version prefixes when parsing and writing,,Byron,,1.25
2021-10-20T16:57:00+02:00[Europe/Berlin],2021-10-20T17:53:00+02:00[Europe/Berlin],3360,00:56:00,Radicle Future,Radicle,Finish spreading some changelogs to high-profile repositories to spread cargo-smart-release as well as gitoxide,,Byron,,0.93
2021-10-20T17:54:00+02:00[Europe/Berlin],2021-10-20T18:23:00+02:00[Europe/Berlin],1740,00:29:00,gitoxide,Byron,spread changelogs,,Byron,,0.48
2021-10-20T20:09:00+02:00[Europe/Berlin],2021-10-20T21:01:00+02:00[Europe/Berlin],3120,00:52:00,Radicle Future,Radicle,session with Sidney,,Byron,,0.87
2021-10-20T21:20:00+02:00[Europe/Berlin],2021-10-20T22:36:00+02:00[Europe/Berlin],4560,01:16:00,Radicle Future,Radicle,Finish learning Rust session with Sid,,Byron,,1.27
2021-10-21T07:14:00+02:00[Europe/Berlin],2021-10-21T07:23:00+02:00[Europe/Berlin],540,00:09:00,GitPython,Byron,https://github.com/gitpython-developers/gitdb/issues/76#issuecomment-948107555; https://github.com/gitpython-developers/GitPython/discussions/1364,,Byron,,0.15
2021-10-21T07:23:00+02:00[Europe/Berlin],2021-10-21T07:50:00+02:00[Europe/Berlin],1620,00:27:00,Radicle Future,Radicle,https://github.com/Byron/gitoxide/issues/234;,,Byron,,0.45
2021-10-21T07:50:00+02:00[Europe/Berlin],2021-10-21T09:10:00+02:00[Europe/Berlin],4800,01:20:00,gitoxide,Byron,"https://github.com/Byron/gitoxide/issues/234 (failed approach): learning is that if things refer to the FS, just create another handle to it instead of dealing with lifetimes.",,Byron,,1.33
2021-10-21T16:43:00+02:00[Europe/Berlin],2021-10-21T17:19:00+02:00[Europe/Berlin],2160,00:36:00,maintenance,Byron,https://github.com/rust-lang/cargo/pull/9991,,Byron,,0.60
2021-10-21T19:07:00+02:00[Europe/Berlin],2021-10-21T19:22:00+02:00[Europe/Berlin],900,00:15:00,Radicle Future,Radicle,review and merge https://github.com/Byron/gitoxide/pull/225,,Byron,,0.25
2021-10-21T19:58:00+02:00[Europe/Berlin],2021-10-21T21:35:00+02:00[Europe/Berlin],5820,01:37:00,Radicle Future,Radicle,Session with Sidney,,Byron,,1.62
2021-10-22T07:15:00+02:00[Europe/Berlin],2021-10-22T07:53:00+02:00[Europe/Berlin],2280,00:38:00,gitoxide,Byron,finish uploading video; try upgrade to latest Rust version; abort upgrade to edition 2021 due to lack of support in downstream. Will retry another time.,,Byron,,0.63
2021-10-22T07:58:00+02:00[Europe/Berlin],2021-10-22T08:01:00+02:00[Europe/Berlin],180,00:03:00,GitPython,Byron,https://github.com/gitpython-developers/GitPython/discussions/1364,,Byron,,0.05
2021-10-22T08:02:00+02:00[Europe/Berlin],2021-10-22T08:09:00+02:00[Europe/Berlin],420,00:07:00,maintenance,Byron,https://github.com/Byron/google-apis-rs/pull/301,,Byron,,0.12
2021-10-22T08:09:00+02:00[Europe/Berlin],2021-10-22T08:22:00+02:00[Europe/Berlin],780,00:13:00,maintenance,Byron,https://github.com/Byron/google-apis-rs/discussions/303,,Byron,,0.22
2021-10-22T08:24:00+02:00[Europe/Berlin],2021-10-22T09:04:00+02:00[Europe/Berlin],2400,00:40:00,gitoxide,GitHub Sponsors,Write most of the sponsor update,,Byron,,0.67
2021-10-22T15:37:00+02:00[Europe/Berlin],2021-10-22T15:51:00+02:00[Europe/Berlin],840,00:14:00,gitoxide,GitHub Sponsors,finish sponsor email,,Byron,,0.23
2021-10-22T15:51:00+02:00[Europe/Berlin],2021-10-22T16:14:00+02:00[Europe/Berlin],1380,00:23:00,gitoxide,GitHub Sponsors,finish wrapping up the sponsor email + reddit post,,Byron,,0.38
2021-10-23T08:25:00+02:00[Europe/Berlin],2021-10-23T08:42:00+02:00[Europe/Berlin],1020,00:17:00,GitPython,Byron,https://github.com/gitpython-developers/GitPython/discussions/1364#discussioncomment-1523845; https://github.com/gitpython-developers/gitdb/issues/76,,Byron,,0.28
2021-10-23T08:43:00+02:00[Europe/Berlin],2021-10-23T08:47:00+02:00[Europe/Berlin],240,00:04:00,maintenance,Byron,https://github.com/Byron/google-apis-rs/discussions/303,,Byron,,0.07
2021-10-23T08:48:00+02:00[Europe/Berlin],2021-10-23T09:02:00+02:00[Europe/Berlin],840,00:14:00,maintenance,Byron,https://github.com/rust-lang/cargo/pull/9991,,Byron,,0.23
2021-10-24T21:09:00+02:00[Europe/Berlin],2021-10-24T21:14:00+02:00[Europe/Berlin],300,00:05:00,GitPython,Byron,https://github.com/gitpython-developers/GitPython/discussions/1369?converting=1,,Byron,,0.08
2021-10-24T21:15:00+02:00[Europe/Berlin],2021-10-24T21:30:00+02:00[Europe/Berlin],900,00:15:00,GitPython,Byron,https://github.com/gitpython-developers/gitdb/issues/77 - re-release,,Byron,,0.25
2021-10-25T07:20:00+02:00[Europe/Berlin],2021-10-25T07:25:00+02:00[Europe/Berlin],300,00:05:00,maintenance,Byron,https://github.com/Byron/dua-cli/issues/110,,Byron,,0.08
2021-10-25T07:34:00+02:00[Europe/Berlin],2021-10-25T07:37:00+02:00[Europe/Berlin],180,00:03:00,gitoxide,Byron,Lookup XDG_CONFIG_HOME and where it belongs in the call chain.,,Byron,,0.05
2021-10-25T19:36:00+02:00[Europe/Berlin],2021-10-25T20:44:00+02:00[Europe/Berlin],4080,01:08:00,Radicle Future,Radicle,"session with sid, ended early",,Byron,,1.13
2021-10-26T20:42:00+02:00[Europe/Berlin],2021-10-26T21:03:00+02:00[Europe/Berlin],1260,00:21:00,GitPython,Byron,https://github.com/gitpython-developers/GitPython/discussions/1371?converting=1; https://github.com/gitpython-developers/gitdb/issues/77,,Byron,,0.35
2021-10-27T07:42:00+02:00[Europe/Berlin],2021-10-27T09:07:00+02:00[Europe/Berlin],5100,01:25:00,gitoxide,Byron,https://github.com/Byron/gitoxide/issues/241; figure out linker issue and solve it with ZLD. Try to build ZLD,,Byron,,1.42
2021-10-27T17:08:00+02:00[Europe/Berlin],2021-10-27T17:23:00+02:00[Europe/Berlin],900,00:15:00,gitoxide,Byron,https://github.com/Byron/gitoxide/discussions/242#discussioncomment-1544012,,Byron,,0.25
2021-10-28T11:34:00+02:00[Europe/Berlin],2021-10-28T11:44:00+02:00[Europe/Berlin],600,00:10:00,gitoxide,Byron,https://github.com/Byron/gitoxide/discussions/242#discussioncomment-1549942,,Byron,,0.17
2021-10-28T11:45:00+02:00[Europe/Berlin],2021-10-28T11:58:00+02:00[Europe/Berlin],780,00:13:00,maintenance,Byron,https://github.com/michaeleisel/zld/issues/85#issuecomment-953480893,,Byron,,0.22
2021-10-28T11:58:00+02:00[Europe/Berlin],2021-10-28T12:00:00+02:00[Europe/Berlin],120,00:02:00,GitPython,Byron,https://github.com/gitpython-developers/GitPython/discussions/1371#discussioncomment-1549987,,Byron,,0.03
2021-10-28T14:01:00+02:00[Europe/Berlin],2021-10-28T14:03:00+02:00[Europe/Berlin],120,00:02:00,GitPython,Byron,https://github.com/gitpython-developers/GitPython/discussions/1371#discussioncomment-1550291,,Byron,,0.03
2021-10-28T14:03:00+02:00[Europe/Berlin],2021-10-28T14:09:00+02:00[Europe/Berlin],360,00:06:00,gitoxide,Byron,https://github.com/Byron/gitoxide/discussions/242#discussioncomment-1550312,,Byron,,0.10
2021-10-28T14:19:00+02:00[Europe/Berlin],2021-10-28T15:24:00+02:00[Europe/Berlin],3900,01:05:00,Radicle Future,Radicle,Read carefully Kims laundry list and formulate a reply,,Byron,,1.08
2021-10-28T15:24:00+02:00[Europe/Berlin],2021-10-28T15:29:00+02:00[Europe/Berlin],300,00:05:00,gitoxide,Byron,https://github.com/Byron/gitoxide/discussions/242#discussioncomment-1550667,,Byron,,0.08
2021-10-28T23:05:00+02:00[Europe/Berlin],2021-10-28T23:12:00+02:00[Europe/Berlin],420,00:07:00,GitPython,Byron,https://github.com/Byron/gitoxide/discussions/242#discussioncomment-1553438,,Byron,,0.12
2021-10-29T07:44:00+02:00[Europe/Berlin],2021-10-29T08:01:00+02:00[Europe/Berlin],1020,00:17:00,gitoxide,Byron,https://github.com/Byron/gitoxide/discussions/93#discussioncomment-1556018,,Byron,,0.28
2021-10-29T08:01:00+02:00[Europe/Berlin],2021-10-29T08:08:00+02:00[Europe/Berlin],420,00:07:00,gitoxide,Byron,https://github.com/Byron/gitoxide/discussions/93#discussioncomment-1556018,,Byron,,0.12
2021-10-29T08:08:00+02:00[Europe/Berlin],2021-10-29T08:31:00+02:00[Europe/Berlin],1380,00:23:00,gitoxide,Byron,"https://github.com/Byron/gitoxide/issues/247; and some performance tests for pack creation. M1Pro is faster even on a single core for this workload, amazing. `git` gets faster as well though :D.",,Byron,,0.38
2021-10-29T08:31:00+02:00[Europe/Berlin],2021-10-29T08:47:00+02:00[Europe/Berlin],960,00:16:00,gitoxide,Byron,perf testing,,Byron,,0.27
2021-10-29T20:21:00+02:00[Europe/Berlin],2021-10-29T21:24:00+02:00[Europe/Berlin],3780,01:03:00,Radicle Future,Radicle,"Session with Sidney, learning Rust",,Byron,,1.05
2021-10-29T21:44:00+02:00[Europe/Berlin],2021-10-29T22:55:00+02:00[Europe/Berlin],4260,01:11:00,Radicle Future,Radicle,Finish uploading the session,,Byron,,1.18
2021-10-30T08:46:00+02:00[Europe/Berlin],2021-10-30T08:52:00+02:00[Europe/Berlin],360,00:06:00,gitoxide,Byron,,,Byron,,0.10
2021-10-30T08:52:00+02:00[Europe/Berlin],2021-10-30T09:01:00+02:00[Europe/Berlin],540,00:09:00,GitPython,Byron,https://github.com/gitpython-developers/GitPython/issues/1372#issuecomment-955118085,,Byron,,0.15
2021-10-30T09:02:00+02:00[Europe/Berlin],2021-10-30T09:53:00+02:00[Europe/Berlin],3060,00:51:00,Radicle Future,Radicle,"Reply Kims laundry list once more. Suggest RFC for sharing, cast doubt on value proposition of SHA256 PoC.",,Byron,,0.85
2021-11-01T07:39:00+01:00[Europe/Berlin],2021-11-01T08:13:00+01:00[Europe/Berlin],2040,00:34:00,gitoxide,Byron,https://github.com/Byron/gitoxide/pull/248 - along with performance measurements,,Byron,,0.57
2021-11-01T08:26:00+01:00[Europe/Berlin],2021-11-01T08:36:00+01:00[Europe/Berlin],600,00:10:00,gitoxide,Byron,https://github.com/Byron/gitoxide/discussions/242#discussioncomment-1567330,,Byron,,0.17
2021-11-01T15:41:00+01:00[Europe/Berlin],2021-11-01T15:43:00+01:00[Europe/Berlin],120,00:02:00,gitoxide,Byron,install-test cargo-smart-release,,Byron,,0.03
2021-11-01T17:00:00+01:00[Europe/Berlin],2021-11-01T17:06:00+01:00[Europe/Berlin],360,00:06:00,maintenance,Byron,https://github.com/Byron/dua-cli/issues/113; https://github.com/Byron/dua-cli/issues/112,,Byron,,0.10
2021-11-01T17:39:00+01:00[Europe/Berlin],2021-11-01T17:42:00+01:00[Europe/Berlin],180,00:03:00,maintenance,Byron,https://github.com/Byron/dua-cli/issues/112#issuecomment-956080490,,Byron,,0.05
2021-11-01T20:11:00+01:00[Europe/Berlin],2021-11-01T21:19:00+01:00[Europe/Berlin],4080,01:08:00,Radicle Future,Radicle,session with Sidney,,Byron,,1.13
2021-11-02T07:30:00+01:00[Europe/Berlin],2021-11-02T07:38:00+01:00[Europe/Berlin],480,00:08:00,Radicle Future,Radicle,reply laundry list,,Byron,,0.13
2021-11-02T07:40:00+01:00[Europe/Berlin],2021-11-02T08:08:00+01:00[Europe/Berlin],1680,00:28:00,maintenance,Byron,https://github.com/Byron/prodash/issues/8,,Byron,,0.47
2021-11-02T08:09:00+01:00[Europe/Berlin],2021-11-02T08:11:00+01:00[Europe/Berlin],120,00:02:00,maintenance,Byron,cargo changelog for criner,,Byron,,0.03
2021-11-03T15:43:00+01:00[Europe/Berlin],2021-11-03T16:01:00+01:00[Europe/Berlin],1080,00:18:00,Radicle Future,Radicle,reply Kim and Kim+Alexis,,Byron,,0.30
2021-11-03T16:02:00+01:00[Europe/Berlin],2021-11-03T16:12:00+01:00[Europe/Berlin],600,00:10:00,gitoxide,Byron,https://github.com/Byron/gitoxide/discussions/249,,Byron,,0.17
2021-11-03T16:12:00+01:00[Europe/Berlin],2021-11-03T16:15:00+01:00[Europe/Berlin],180,00:03:00,gitoxide,Byron,https://github.com/Byron/gitoxide/discussions/242#discussioncomment-1580508,,Byron,,0.05
2021-11-03T16:15:00+01:00[Europe/Berlin],2021-11-03T16:25:00+01:00[Europe/Berlin],600,00:10:00,maintenance,Byron,https://github.com/Byron/prodash/pull/9#issuecomment-958737436,,Byron,,0.17
2021-11-04T08:37:00+01:00[Europe/Berlin],2021-11-04T08:53:00+01:00[Europe/Berlin],960,00:16:00,GitPython,Byron,https://github.com/gitpython-developers/gitdb/issues/77#issuecomment-960344487,,Byron,,0.27
2021-11-04T12:51:00+01:00[Europe/Berlin],2021-11-04T12:56:00+01:00[Europe/Berlin],300,00:05:00,maintenance,Byron,https://github.com/Byron/prodash/pull/9#issuecomment-960458989,,Byron,,0.08
2021-11-04T12:56:00+01:00[Europe/Berlin],2021-11-04T12:58:00+01:00[Europe/Berlin],120,00:02:00,maintenance,Byron,https://github.com/Byron/prodash/issues/10#issuecomment-960459725,,Byron,,0.03
2021-11-04T12:58:00+01:00[Europe/Berlin],2021-11-04T13:59:00+01:00[Europe/Berlin],3660,01:01:00,gitoxide,Byron,https://github.com/Byron/gitoxide/pull/250#pullrequestreview-797354200,,Byron,,1.02
2021-11-04T13:59:00+01:00[Europe/Berlin],2021-11-04T14:19:00+01:00[Europe/Berlin],1200,00:20:00,gitoxide,Byron,https://github.com/Byron/gitoxide/discussions/249#discussioncomment-1580845,,Byron,,0.33
2021-11-05T07:33:00+01:00[Europe/Berlin],2021-11-05T08:56:00+01:00[Europe/Berlin],4980,01:23:00,gitoxide,Byron,https://github.com/Byron/gitoxide/issues/251,,Byron,,1.38
2021-11-05T11:22:00+01:00[Europe/Berlin],2021-11-05T11:38:00+01:00[Europe/Berlin],960,00:16:00,Radicle Future,Radicle,,,Byron,,0.27
2021-11-05T12:01:00+01:00[Europe/Berlin],2021-11-05T12:26:00+01:00[Europe/Berlin],1500,00:25:00,Radicle Future,Radicle,Finish email to Kim to propose a path forward through RFC; https://github.com/Byron/gitoxide/projects/1#card-72265887,,Byron,,0.42
2021-11-05T13:56:00+01:00[Europe/Berlin],2021-11-05T14:03:00+01:00[Europe/Berlin],420,00:07:00,gitoxide,Byron,https://github.com/Byron/gitoxide/pull/250#issuecomment-961647819,,Byron,,0.12
2021-11-05T14:46:00+01:00[Europe/Berlin],2021-11-05T14:55:00+01:00[Europe/Berlin],540,00:09:00,GitPython,Byron,https://github.com/gitpython-developers/GitPython/discussions/1374#discussioncomment-1593117,,Byron,,0.15
2021-11-05T15:02:00+01:00[Europe/Berlin],2021-11-05T15:08:00+01:00[Europe/Berlin],360,00:06:00,GitPython,Byron,https://github.com/gitpython-developers/GitPython/discussions/1374#discussioncomment-1593162,,Byron,,0.10
2021-11-05T19:32:00+01:00[Europe/Berlin],2021-11-05T20:52:00+01:00[Europe/Berlin],4800,01:20:00,Radicle Future,Radicle,Iterator session with Sidney; learning Rust with Gitoxide episode.,,Byron,,1.33
2021-11-06T08:59:00+01:00[Europe/Berlin],2021-11-06T09:01:00+01:00[Europe/Berlin],120,00:02:00,GitPython,Byron,https://github.com/gitpython-developers/GitPython/discussions/1374,,Byron,,0.03
2021-11-06T09:02:00+01:00[Europe/Berlin],2021-11-06T09:11:00+01:00[Europe/Berlin],540,00:09:00,Radicle Future,Radicle,https://github.com/Byron/gitoxide/issues/251#issuecomment-962299925,,Byron,,0.15
2021-11-06T09:11:00+01:00[Europe/Berlin],2021-11-06T09:29:00+01:00[Europe/Berlin],1080,00:18:00,Radicle Future,Radicle,Reply to Kim,,Byron,,0.30
2021-11-06T10:05:00+01:00[Europe/Berlin],2021-11-06T10:30:00+01:00[Europe/Berlin],1500,00:25:00,Radicle Future,Radicle,https://github.com/Byron/gitoxide/issues/251#issuecomment-962299925,,Byron,,0.42
2021-11-07T09:21:00+01:00[Europe/Berlin],2021-11-07T09:54:00+01:00[Europe/Berlin],1980,00:33:00,maintenance,Byron,https://github.com/Byron/google-apis-rs/issues/306 - but no fix came out of this precious time.,,Byron,,0.55
2021-11-07T10:27:00+01:00[Europe/Berlin],2021-11-07T10:30:00+01:00[Europe/Berlin],180,00:03:00,Radicle Future,Radicle,change .try_join() to .join() to simply choose a different name like combine() when dealing with other potentially statically generated partialnamerefs.,,Byron,,0.05
2021-11-08T07:37:00+01:00[Europe/Berlin],2021-11-08T07:51:00+01:00[Europe/Berlin],840,00:14:00,GitPython,Byron,https://github.com/gitpython-developers/GitPython/pull/1360#issuecomment-962705170,,Byron,,0.23
2021-11-08T19:03:00+01:00[Europe/Berlin],2021-11-08T20:46:00+01:00[Europe/Berlin],6180,01:43:00,Radicle Future,Radicle,"session with Sid; talk about parsers, show nom, chumsky, ariadne",,Byron,,1.72
2021-11-09T07:36:00+01:00[Europe/Berlin],2021-11-09T07:40:00+01:00[Europe/Berlin],240,00:04:00,GitPython,Byron,https://github.com/gitpython-developers/GitPython/pull/1360#issuecomment-963675635,,Byron,,0.07
2021-11-09T07:40:00+01:00[Europe/Berlin],2021-11-09T07:44:00+01:00[Europe/Berlin],240,00:04:00,maintenance,Byron,https://github.com/Byron/google-apis-rs/issues/192#issuecomment-963677518,,Byron,,0.07
2021-11-09T17:20:00+01:00[Europe/Berlin],2021-11-09T17:23:00+01:00[Europe/Berlin],180,00:03:00,gitoxide,Byron,https://github.com/Byron/gitoxide/issues/251#issuecomment-963963398,,Byron,,0.05
2021-11-09T17:23:00+01:00[Europe/Berlin],2021-11-09T17:28:00+01:00[Europe/Berlin],300,00:05:00,maintenance,Byron,https://github.com/Byron/google-apis-rs/issues/192#issuecomment-963967382,,Byron,,0.08
2021-11-09T17:30:00+01:00[Europe/Berlin],2021-11-09T18:16:00+01:00[Europe/Berlin],2760,00:46:00,gitoxide,Byron,https://github.com/Byron/gitoxide/discussions/253?converting=1,,Byron,,0.77
2021-11-10T08:04:00+01:00[Europe/Berlin],2021-11-10T08:09:00+01:00[Europe/Berlin],300,00:05:00,GitPython,Byron,https://github.com/gitpython-developers/GitPython/pull/1375#pullrequestreview-802019522,,Byron,,0.08
2021-11-10T08:09:00+01:00[Europe/Berlin],2021-11-10T08:21:00+01:00[Europe/Berlin],720,00:12:00,gitoxide,Byron,https://github.com/Byron/gitoxide/discussions/253#discussioncomment-1616073,,Byron,,0.20
2021-11-10T08:21:00+01:00[Europe/Berlin],2021-11-10T08:27:00+01:00[Europe/Berlin],360,00:06:00,GitPython,Byron,https://github.com/gitpython-developers/GitPython/pull/1360#pullrequestreview-802026373,,Byron,,0.10
2021-11-10T19:24:00+01:00[Europe/Berlin],2021-11-10T20:05:00+01:00[Europe/Berlin],2460,00:41:00,Radicle Future,Radicle,Session with Sid; recording,,Byron,,0.68
2021-11-11T07:37:00+01:00[Europe/Berlin],2021-11-11T07:49:00+01:00[Europe/Berlin],720,00:12:00,GitPython,Byron,https://github.com/gitpython-developers/GitPython/pull/1360#pullrequestreview-803259514,,Byron,,0.20
2021-11-11T07:51:00+01:00[Europe/Berlin],2021-11-11T07:58:00+01:00[Europe/Berlin],420,00:07:00,GitPython,Byron,https://github.com/gitpython-developers/GitPython/pull/1376,,Byron,,0.12
2021-11-11T07:58:00+01:00[Europe/Berlin],2021-11-11T08:24:00+01:00[Europe/Berlin],1560,00:26:00,Radicle Future,Radicle,reply to Kim,,Byron,,0.43
2021-11-11T09:50:00+01:00[Europe/Berlin],2021-11-11T10:08:00+01:00[Europe/Berlin],1080,00:18:00,Radicle Future,Radicle,second part of replying to Kims email,,Byron,,0.30
2021-11-11T19:04:00+01:00[Europe/Berlin],2021-11-11T20:47:00+01:00[Europe/Berlin],6180,01:43:00,Radicle Future,Radicle,"session with Sid, str/String, gitoxide BString",,Byron,,1.72
2021-11-12T08:01:00+01:00[Europe/Berlin],2021-11-12T08:04:00+01:00[Europe/Berlin],180,00:03:00,GitPython,Byron,https://github.com/gitpython-developers/GitPython/pull/1360#issuecomment-966711866,,Byron,,0.05
2021-11-13T15:17:00+01:00[Europe/Berlin],2021-11-13T15:20:00+01:00[Europe/Berlin],180,00:03:00,GitPython,Byron,https://github.com/gitpython-developers/GitPython/pull/1360,,Byron,,0.05
2021-11-13T15:20:00+01:00[Europe/Berlin],2021-11-13T15:24:00+01:00[Europe/Berlin],240,00:04:00,GitPython,Byron,https://github.com/gitpython-developers/GitPython/issues/1377,,Byron,,0.07
2021-11-15T19:20:00+01:00[Europe/Berlin],2021-11-15T20:47:00+01:00[Europe/Berlin],5220,01:27:00,Radicle Future,Radicle,session 14 with sid,,Byron,,1.45
2021-11-16T09:39:00+01:00[Europe/Berlin],2021-11-16T09:44:00+01:00[Europe/Berlin],300,00:05:00,gitoxide,Byron,cleanup issues; block troll,,Byron,,0.08
2021-11-16T09:44:00+01:00[Europe/Berlin],2021-11-16T12:37:00+01:00[Europe/Berlin],10380,02:53:00,gitoxide,Byron,"Look into https://github.com/Byron/gitoxide/issues/254 and try to fix it. Intermediate fix applied, but I have a feeling it’s not yet perfect.",,Byron,,2.88
2021-11-16T13:03:00+01:00[Europe/Berlin],2021-11-16T13:29:00+01:00[Europe/Berlin],1560,00:26:00,gitoxide,Byron,More research for #254,,Byron,,0.43
2021-11-16T13:40:00+01:00[Europe/Berlin],2021-11-16T14:52:00+01:00[Europe/Berlin],4320,01:12:00,gitoxide,Byron,Finish #254 with re-release of git-pack that contains a fix,,Byron,,1.20
2021-11-16T19:05:00+01:00[Europe/Berlin],2021-11-16T20:43:00+01:00[Europe/Berlin],5880,01:38:00,Radicle Future,Radicle,"Session with Sid, Episode 14",,Byron,,1.63
2021-11-18T07:04:00+01:00[Europe/Berlin],2021-11-18T07:42:00+01:00[Europe/Berlin],2280,00:38:00,maintenance,Byron,https://github.com/Byron/pulldown-cmark-to-cmark/releases/tag/v7.0.0,,Byron,,0.63
2021-11-18T07:54:00+01:00[Europe/Berlin],2021-11-18T08:10:00+01:00[Europe/Berlin],960,00:16:00,gitoxide,Byron,start finishing https://github.com/Byron/gitoxide/pull/250,,Byron,,0.27
2021-11-18T12:13:00+01:00[Europe/Berlin],2021-11-18T12:23:00+01:00[Europe/Berlin],600,00:10:00,gitoxide,Byron,,,Byron,,0.17
2021-11-18T15:53:00+01:00[Europe/Berlin],2021-11-18T17:14:00+01:00[Europe/Berlin],4860,01:21:00,gitoxide,Byron,https://github.com/Byron/gitoxide/pull/250,,Byron,,1.35
2021-11-18T19:28:00+01:00[Europe/Berlin],2021-11-18T20:32:00+01:00[Europe/Berlin],3840,01:04:00,Radicle Future,Radicle,session with Sid,,Byron,,1.07
2021-11-19T14:26:00+01:00[Europe/Berlin],2021-11-19T14:29:00+01:00[Europe/Berlin],180,00:03:00,gitoxide,Byron,https://github.com/Byron/gitoxide/pull/240,,Byron,,0.05
2021-11-19T14:29:00+01:00[Europe/Berlin],2021-11-19T14:39:00+01:00[Europe/Berlin],600,00:10:00,gitoxide,Byron,some cleanup of FIXMEs,,Byron,,0.17
2021-11-19T15:31:00+01:00[Europe/Berlin],2021-11-19T17:06:00+01:00[Europe/Berlin],5700,01:35:00,Radicle Future,Radicle,first stab at https://github.com/Byron/gitoxide/pull/259,,Byron,,1.58
2021-11-20T09:24:00+01:00[Europe/Berlin],2021-11-20T11:37:00+01:00[Europe/Berlin],7980,02:13:00,Radicle Future,Radicle,Continue with discovery,,Byron,,2.22
2021-11-20T11:50:00+01:00[Europe/Berlin],2021-11-20T12:08:00+01:00[Europe/Berlin],1080,00:18:00,Radicle Future,Radicle,finish loose ref-db analysis,,Byron,,0.30
2021-11-20T12:57:00+01:00[Europe/Berlin],2021-11-20T14:18:00+01:00[Europe/Berlin],4860,01:21:00,Radicle Future,Radicle,"discovery of reftable, git-config, working onward to understanding changes across databases",,Byron,,1.35
2021-11-20T14:29:00+01:00[Europe/Berlin],2021-11-20T15:33:00+01:00[Europe/Berlin],3840,01:04:00,Radicle Future,Radicle,more problem/solutions; get into looking at concurrent changes,,Byron,,1.07
2021-11-20T15:43:00+01:00[Europe/Berlin],2021-11-20T15:56:00+01:00[Europe/Berlin],780,00:13:00,Radicle Future,Radicle,more about changes to a repo,,Byron,,0.22
2021-11-20T16:32:00+01:00[Europe/Berlin],2021-11-20T18:17:00+01:00[Europe/Berlin],6300,01:45:00,Radicle Future,Radicle,"Get to the first example, while also thinking about solutions. It slowly materializes",,Byron,,1.75
2021-11-20T19:03:00+01:00[Europe/Berlin],2021-11-20T20:33:00+01:00[Europe/Berlin],5400,01:30:00,Radicle Future,Radicle,add professional hosting server application usecase,,Byron,,1.50
2021-11-21T08:26:00+01:00[Europe/Berlin],2021-11-21T08:33:00+01:00[Europe/Berlin],420,00:07:00,GitPython,Byron,https://github.com/gitpython-developers/GitPython/issues/580#issuecomment-974732604,,Byron,,0.12
2021-11-21T08:34:00+01:00[Europe/Berlin],2021-11-21T08:51:00+01:00[Europe/Berlin],1020,00:17:00,Radicle Future,Radicle,Look into improving namespace support and start replying to Kim,,Byron,,0.28
2021-11-21T09:40:00+01:00[Europe/Berlin],2021-11-21T11:45:00+01:00[Europe/Berlin],7500,02:05:00,Radicle Future,Radicle,"Another server that prioritizes differently, including partial Problem/Solutions. it’s a case for lazy-loading.",,Byron,,2.08
2021-11-21T13:46:00+01:00[Europe/Berlin],2021-11-21T15:36:00+01:00[Europe/Berlin],6600,01:50:00,Radicle Future,Radicle,finish gitea-like example and research options along the generalization of the pack object database,,Byron,,1.83
2021-11-21T17:36:00+01:00[Europe/Berlin],2021-11-21T18:51:00+01:00[Europe/Berlin],4500,01:15:00,Radicle Future,Radicle,"clarification of thoughts, getting somewhere",,Byron,,1.25
2021-11-21T19:26:00+01:00[Europe/Berlin],2021-11-21T20:35:00+01:00[Europe/Berlin],4140,01:09:00,Radicle Future,Radicle,"get to right before the type experiment could start, after some research on the status quo and eyeballing how that would have to change.",,Byron,,1.15
2021-11-22T07:41:00+01:00[Europe/Berlin],2021-11-22T08:08:00+01:00[Europe/Berlin],1620,00:27:00,Radicle Future,Radicle,start sketching the implementation,,Byron,,0.45
2021-11-22T08:49:00+01:00[Europe/Berlin],2021-11-22T11:50:00+01:00[Europe/Berlin],10860,03:01:00,Radicle Future,Radicle,"more type sketching, hardest part is to put +Send+Sync behind a feature toggle…",,Byron,,3.02
2021-11-22T14:30:00+01:00[Europe/Berlin],2021-11-22T15:11:00+01:00[Europe/Berlin],2460,00:41:00,Radicle Future,Radicle,,,Byron,,0.68
2021-11-22T15:29:00+01:00[Europe/Berlin],2021-11-22T16:47:00+01:00[Europe/Berlin],4680,01:18:00,Radicle Future,Radicle,Continue on technical sketch; radicle meeting,,Byron,,1.30
2021-11-22T18:00:00+01:00[Europe/Berlin],2021-11-22T18:21:00+01:00[Europe/Berlin],1260,00:21:00,Radicle Future,Radicle,Realize that generics aren’t needed for a much simpler design,,Byron,,0.35
2021-11-22T18:48:00+01:00[Europe/Berlin],2021-11-22T19:02:00+01:00[Europe/Berlin],840,00:14:00,gitoxide,GitHub Sponsors,First part of sponsor updates on Reddit,,Byron,,0.23
2021-11-22T19:03:00+01:00[Europe/Berlin],2021-11-22T21:13:00+01:00[Europe/Berlin],7800,02:10:00,Radicle Future,Radicle,Session with Sid,,Byron,,2.17
2021-11-22T21:32:00+01:00[Europe/Berlin],2021-11-22T22:19:00+01:00[Europe/Berlin],2820,00:47:00,gitoxide,GitHub Sponsors,sponsor email,,Byron,,0.78
2021-11-23T07:43:00+01:00[Europe/Berlin],2021-11-23T08:02:00+01:00[Europe/Berlin],1140,00:19:00,gitoxide,Byron,https://github.com/Byron/gitoxide/discussions/261#discussioncomment-1680844 ; research cocogitto,,Byron,,0.32
2021-11-23T08:12:00+01:00[Europe/Berlin],2021-11-23T09:04:00+01:00[Europe/Berlin],3120,00:52:00,Radicle Future,Radicle,"More materialization for new policy based store, and how it relates to the existing ones (which need refactoring). On the bright side, all this should leave the git-repository parts mostly unphased even though they have to become generic then (along with Easy)",,Byron,,0.87
2021-11-23T13:34:00+01:00[Europe/Berlin],2021-11-23T13:55:00+01:00[Europe/Berlin],1260,00:21:00,Radicle Future,Radicle,A little work towards figuring out if the new Policy based ODB and the previous (soon to be improved) one can co-exist in git-repository,,Byron,,0.35
2021-11-23T15:36:00+01:00[Europe/Berlin],2021-11-23T18:18:00+01:00[Europe/Berlin],9720,02:42:00,Radicle Future,Radicle,"Figure out how to use policies exclusively when handling readers and writers on the server. Also do some promising perf tests that show database access is still fast if done through an Arc, but gets slower by 16% if we are talking more than 10 million lookups/s. Fair enough.",,Byron,,2.70
2021-11-23T19:15:00+01:00[Europe/Berlin],2021-11-23T19:53:00+01:00[Europe/Berlin],2280,00:38:00,Radicle Future,Radicle,,,Byron,,0.63
2021-11-24T07:18:00+01:00[Europe/Berlin],2021-11-24T07:21:00+01:00[Europe/Berlin],180,00:03:00,gitoxide,Byron,https://github.com/gitpython-developers/GitPython/issues/580#issuecomment-977273508,,Byron,,0.05
2021-11-24T07:21:00+01:00[Europe/Berlin],2021-11-24T07:30:00+01:00[Europe/Berlin],540,00:09:00,maintenance,Byron,https://github.com/Byron/pulldown-cmark-to-cmark/issues/32#issuecomment-977279508,,Byron,,0.15
2021-11-24T08:13:00+01:00[Europe/Berlin],2021-11-24T09:21:00+01:00[Europe/Berlin],4080,01:08:00,Radicle Future,Radicle,More sketching about indices and figuring out multi-pack indices.,,Byron,,1.13
2021-11-24T10:34:00+01:00[Europe/Berlin],2021-11-24T10:46:00+01:00[Europe/Berlin],720,00:12:00,Radicle Future,Radicle,try to understand details of pack file addressing,,Byron,,0.20
2021-11-24T17:29:00+01:00[Europe/Berlin],2021-11-24T18:19:00+01:00[Europe/Berlin],3000,00:50:00,Radicle Future,Radicle,more work related to multi-pack ids and pack lookup/loading,,Byron,,0.83
2021-11-24T19:25:00+01:00[Europe/Berlin],2021-11-24T20:58:00+01:00[Europe/Berlin],5580,01:33:00,Radicle Future,Radicle,last episode of learning with Rust,,Byron,,1.55
2021-11-25T07:39:00+01:00[Europe/Berlin],2021-11-25T07:44:00+01:00[Europe/Berlin],300,00:05:00,GitPython,Byron,https://github.com/gitpython-developers/GitPython/discussions/1260#discussioncomment-1697144,,Byron,,0.08
2021-11-25T07:44:00+01:00[Europe/Berlin],2021-11-25T07:50:00+01:00[Europe/Berlin],360,00:06:00,GitPython,Byron,https://github.com/gitpython-developers/GitPython/discussions/1379#discussioncomment-1697158,,Byron,,0.10
2021-11-25T07:51:00+01:00[Europe/Berlin],2021-11-25T08:21:00+01:00[Europe/Berlin],1800,00:30:00,maintenance,Byron,https://github.com/Byron/pulldown-cmark-to-cmark/pull/33,,Byron,,0.50
2021-11-25T08:21:00+01:00[Europe/Berlin],2021-11-25T08:25:00+01:00[Europe/Berlin],240,00:04:00,maintenance,Byron,https://github.com/Byron/google-apis-rs/issues/307#issuecomment-978550019,,Byron,,0.07
2021-11-25T08:25:00+01:00[Europe/Berlin],2021-11-25T08:59:00+01:00[Europe/Berlin],2040,00:34:00,Radicle Future,Radicle,"figure out Sync and envision handling of pack id stability such that a single mapping pool works for everyone, while remaining composable.",,Byron,,0.57
2021-11-25T09:56:00+01:00[Europe/Berlin],2021-11-25T10:20:00+01:00[Europe/Berlin],1440,00:24:00,Radicle Future,Radicle,"See if we can automate handling of pack loads and unloads, aka ID stability",,Byron,,0.40
2021-11-25T10:42:00+01:00[Europe/Berlin],2021-11-25T12:00:00+01:00[Europe/Berlin],4680,01:18:00,Radicle Future,Radicle,More details about garbage collection and more automatic handling of anticipated cases,,Byron,,1.30
2021-11-25T15:04:00+01:00[Europe/Berlin],2021-11-25T16:30:00+01:00[Europe/Berlin],5160,01:26:00,Radicle Future,Radicle,cleanup; simplification of types,,Byron,,1.43
2021-11-25T16:38:00+01:00[Europe/Berlin],2021-11-25T18:20:00+01:00[Europe/Berlin],6120,01:42:00,Radicle Future,Radicle,"figure out more details about obtaining packs by id, simplify, implement a little more to see if it really works",,Byron,,1.70
2021-11-25T19:11:00+01:00[Europe/Berlin],2021-11-25T19:31:00+01:00[Europe/Berlin],1200,00:20:00,Radicle Future,Radicle,finish discovery,,Byron,,0.33
2021-11-26T07:55:00+01:00[Europe/Berlin],2021-11-26T08:07:00+01:00[Europe/Berlin],720,00:12:00,maintenance,Byron,"upgrade criner dependencies, stop at ‘time’ upgrade for now.",,Byron,,0.20
2021-11-26T08:08:00+01:00[Europe/Berlin],2021-11-26T09:11:00+01:00[Europe/Berlin],3780,01:03:00,maintenance,Byron,try to fix time formatting,,Byron,,1.05
2021-11-26T12:03:00+01:00[Europe/Berlin],2021-11-26T12:26:00+01:00[Europe/Berlin],1380,00:23:00,maintenance,Byron,Fix criner and bring it to latest prodash and time 0.3,,Byron,,0.38
2021-11-26T12:41:00+01:00[Europe/Berlin],2021-11-26T13:24:00+01:00[Europe/Berlin],2580,00:43:00,Radicle Future,Radicle,https://github.com/Byron/gitoxide/pull/264,,Byron,,0.72
2021-11-26T14:28:00+01:00[Europe/Berlin],2021-11-26T16:05:00+01:00[Europe/Berlin],5820,01:37:00,Radicle Future,Radicle,Make namespaces thread-local,,Byron,,1.62
2021-11-27T08:13:00+01:00[Europe/Berlin],2021-11-27T08:37:00+01:00[Europe/Berlin],1440,00:24:00,Radicle Future,Radicle,Get started with general store,,Byron,,0.40
2021-11-27T09:16:00+01:00[Europe/Berlin],2021-11-27T12:02:00+01:00[Europe/Berlin],9960,02:46:00,Radicle Future,Radicle,"Try to get towards a store handle that can do something, just to see that it’s probably better to have more capabilities in the Handle itself. But maybe that’s wrong, actually, as there is more state that’s needed sometimes and there is now one abstraction anyway, the one of loose vs ref-table.",,Byron,,2.77
2021-11-27T14:43:00+01:00[Europe/Berlin],2021-11-27T16:57:00+01:00[Europe/Berlin],8040,02:14:00,Radicle Future,Radicle,"Make all parallel code within gitoxide sync free, make it use thread-local paradigms instead.",,Byron,,2.23
2021-11-27T17:40:00+01:00[Europe/Berlin],2021-11-27T18:00:00+01:00[Europe/Berlin],1200,00:20:00,Radicle Future,Radicle,"A little step closer to actually implementing finding a references. It’s juggling different variants, error types and complex generics. Doable, but complex.",,Byron,,0.33
2021-11-27T19:26:00+01:00[Europe/Berlin],2021-11-27T20:08:00+01:00[Europe/Berlin],2520,00:42:00,Radicle Future,Radicle,start moving interior mutable packed buffer into loose db,,Byron,,0.70
2021-11-27T20:26:00+01:00[Europe/Berlin],2021-11-27T21:45:00+01:00[Europe/Berlin],4740,01:19:00,Radicle Future,Radicle,"A huge step in the right direction, making a loose file DB usable mostly standalone. Probably it should just carry it’s own buffer as well or… no, that’s probably for the general database handle.",,Byron,,1.32
2021-11-28T10:03:00+01:00[Europe/Berlin],2021-11-28T12:46:00+01:00[Europe/Berlin],9780,02:43:00,gitoxide,Byron,Packed-refs is now fully iternal,,Byron,,2.72
2021-11-28T13:22:00+01:00[Europe/Berlin],2021-11-28T14:11:00+01:00[Europe/Berlin],2940,00:49:00,gitoxide,Byron,Research how to improve on ref-logs and fix race condition in transactions that involve packed refs.,,Byron,,0.82
2021-11-28T14:30:00+01:00[Europe/Berlin],2021-11-28T15:44:00+01:00[Europe/Berlin],4440,01:14:00,gitoxide,Byron,"Simplify log iteration and keep internal buffer - alloc saving really went a little too far there, have to think of practicality more.",,Byron,,1.23
2021-11-28T18:56:00+01:00[Europe/Berlin],2021-11-28T20:45:00+01:00[Europe/Berlin],6540,01:49:00,gitoxide,Byron,Finish adjustment of loose ref store while bringing back the packed-parameter API that is useful to build abstractions on top on.,,Byron,,1.82
2021-11-29T07:33:00+01:00[Europe/Berlin],2021-11-29T07:51:00+01:00[Europe/Berlin],1080,00:18:00,maintenance,Byron,https://github.com/Byron/google-apis-rs/issues/308; https://github.com/Byron/google-apis-rs/discussions/310,,Byron,,0.30
2021-11-29T08:07:00+01:00[Europe/Berlin],2021-11-29T09:09:00+01:00[Europe/Berlin],3720,01:02:00,gitoxide,Byron,"try to make a release, realize some fixes are needed :/",,Byron,,1.03
2021-11-29T09:18:00+01:00[Europe/Berlin],2021-11-29T09:59:00+01:00[Europe/Berlin],2460,00:41:00,gitoxide,Byron,Look into another smart-release issue :/,,Byron,,0.68
2021-11-29T10:08:00+01:00[Europe/Berlin],2021-11-29T10:33:00+01:00[Europe/Berlin],1500,00:25:00,gitoxide,Byron,A new release of the latest and greatest,,Byron,,0.42
2021-11-29T10:33:00+01:00[Europe/Berlin],2021-11-29T11:24:00+01:00[Europe/Berlin],3060,00:51:00,Radicle Future,Radicle,Upgrade git-ref and all other crates in radicle-link,,Byron,,0.85
2021-11-29T11:42:00+01:00[Europe/Berlin],2021-11-29T12:21:00+01:00[Europe/Berlin],2340,00:39:00,gitoxide,Byron,Fix some issues with API consistency in git-ref.,,Byron,,0.65
2021-11-29T12:31:00+01:00[Europe/Berlin],2021-11-29T12:49:00+01:00[Europe/Berlin],1080,00:18:00,gitoxide,Byron,See if link-git odb can be made to work,,Byron,,0.30
2021-11-29T14:20:00+01:00[Europe/Berlin],2021-11-29T14:50:00+01:00[Europe/Berlin],1800,00:30:00,gitoxide,Byron,get radicle link odb into object-access test,,Byron,,0.50
2021-11-29T14:51:00+01:00[Europe/Berlin],2021-11-29T15:22:00+01:00[Europe/Berlin],1860,00:31:00,Radicle Future,Radicle,"write Kim, see what’s happening with raciness in git-ref",,Byron,,0.52
2021-11-29T16:57:00+01:00[Europe/Berlin],2021-11-29T17:22:00+01:00[Europe/Berlin],1500,00:25:00,gitoxide,Byron,start of new odb,,Byron,,0.42
2021-11-29T19:00:00+01:00[Europe/Berlin],2021-11-29T20:25:00+01:00[Europe/Berlin],5100,01:25:00,Radicle Future,Radicle,Getting into gitoxide episode,,Byron,,1.42
2021-11-29T21:20:00+01:00[Europe/Berlin],2021-11-29T21:43:00+01:00[Europe/Berlin],1380,00:23:00,Radicle Future,Radicle,https://github.com/radicle-dev/radicle-link/pull/792#issuecomment-981646290,,Byron,,0.38
2021-11-30T07:09:00+01:00[Europe/Berlin],2021-11-30T07:15:00+01:00[Europe/Berlin],360,00:06:00,maintenance,Byron,https://github.com/Byron/pulldown-cmark-to-cmark/issues/13#issuecomment-982119815,,Byron,,0.10
2021-11-30T07:15:00+01:00[Europe/Berlin],2021-11-30T07:23:00+01:00[Europe/Berlin],480,00:08:00,maintenance,Byron,https://github.com/Byron/google-apis-rs/discussions/310#discussioncomment-1719039,,Byron,,0.13
2021-11-30T07:46:00+01:00[Europe/Berlin],2021-11-30T08:30:00+01:00[Europe/Berlin],2640,00:44:00,Radicle Future,Radicle,"try to use sendmail, nearly there :D",,Byron,,0.73
2021-11-30T08:53:00+01:00[Europe/Berlin],2021-11-30T09:21:00+01:00[Europe/Berlin],1680,00:28:00,Radicle Future,Radicle,Finish submitting a patch through the mailing list. Tough but definitely an experience one should have had once.,,Byron,,0.47
2021-11-30T16:46:00+01:00[Europe/Berlin],2021-11-30T17:27:00+01:00[Europe/Berlin],2460,00:41:00,gitoxide,Byron,https://github.com/Byron/gitoxide/pull/267,,Byron,,0.68
2021-11-30T17:45:00+01:00[Europe/Berlin],2021-11-30T18:28:00+01:00[Europe/Berlin],2580,00:43:00,gitoxide,Byron,Fiddle with the right location for traits,,Byron,,0.72
2021-11-30T19:48:00+01:00[Europe/Berlin],2021-11-30T21:52:00+01:00[Europe/Berlin],7440,02:04:00,gitoxide,Byron,"Major refactor of Find trait, one of more steps, probably.",,Byron,,2.07
2021-12-01T07:27:00+01:00[Europe/Berlin],2021-12-01T08:07:00+01:00[Europe/Berlin],2400,00:40:00,maintenance,Byron,https://github.com/Byron/open-rs/issues/38; look into ZLD issue or try to get a working linker somehow: https://github.com/michaeleisel/zld/issues/85#issuecomment-983140525,,Byron,,0.67
2021-12-01T08:08:00+01:00[Europe/Berlin],2021-12-01T08:10:00+01:00[Europe/Berlin],120,00:02:00,GitPython,Byron,https://github.com/gitpython-developers/GitPython/pull/1380; https://github.com/gitpython-developers/GitPython/pull/1381,,Byron,,0.03
2021-12-01T08:10:00+01:00[Europe/Berlin],2021-12-01T08:18:00+01:00[Europe/Berlin],480,00:08:00,gitoxide,Byron,https://github.com/radicle-dev/radicle-link/pull/792#issuecomment-983145620,,Byron,,0.13
2021-12-01T08:18:00+01:00[Europe/Berlin],2021-12-01T08:40:00+01:00[Europe/Berlin],1320,00:22:00,maintenance,Byron,Use ld64.ldd as alternative linker (by LLVM) for better link performance and… it actually works.,,Byron,,0.37
2021-12-01T14:17:00+01:00[Europe/Berlin],2021-12-01T15:23:00+01:00[Europe/Berlin],3960,01:06:00,gitoxide,Byron,https://github.com/radicle-dev/radicle-link/pull/792#issuecomment-983359323,,Byron,,1.10
2021-12-01T16:39:00+01:00[Europe/Berlin],2021-12-01T18:00:00+01:00[Europe/Berlin],4860,01:21:00,gitoxide,Byron,,,Byron,,1.35
2021-12-01T19:18:00+01:00[Europe/Berlin],2021-12-01T20:14:00+01:00[Europe/Berlin],3360,00:56:00,Radicle Future,Radicle,getting into gitoxide - episode 2,,Byron,,0.93
2021-12-01T21:06:00+01:00[Europe/Berlin],2021-12-01T21:22:00+01:00[Europe/Berlin],960,00:16:00,gitoxide,Byron,Finish removing pack-cache from Find implementation,,Byron,,0.27
2021-12-02T08:17:00+01:00[Europe/Berlin],2021-12-02T08:26:00+01:00[Europe/Berlin],540,00:09:00,maintenance,Byron,https://github.com/Byron/google-apis-rs/pull/311,,Byron,,0.15
2021-12-02T09:12:00+01:00[Europe/Berlin],2021-12-02T09:14:00+01:00[Europe/Berlin],120,00:02:00,maintenance,Byron,https://github.com/seanmonstar/num_cpus/issues/104#issuecomment-984202485,,Byron,,0.03
2021-12-02T09:14:00+01:00[Europe/Berlin],2021-12-02T09:54:00+01:00[Europe/Berlin],2400,00:40:00,gitoxide,Byron,https://github.com/radicle-dev/radicle-link/pull/792#issuecomment-984211064,,Byron,,0.67
2021-12-02T10:02:00+01:00[Europe/Berlin],2021-12-02T11:20:00+01:00[Europe/Berlin],4680,01:18:00,gitoxide,Byron,"Research more about how the object cache is used and how to deal with it. It should be an implementation detail but one that is controllable in the ODB handle. Object caches might not always be useful after all. The pack Find implementation might be OK, but what about Find + ‘static?",,Byron,,1.30
2021-12-02T14:20:00+01:00[Europe/Berlin],2021-12-02T15:24:00+01:00[Europe/Berlin],3840,01:04:00,gitoxide,Byron,Start trying out creating a Handle for the linked db,,Byron,,1.07
2021-12-02T15:30:00+01:00[Europe/Berlin],2021-12-02T16:22:00+01:00[Europe/Berlin],3120,00:52:00,gitoxide,Byron,keep figuring out the odb handle,,Byron,,0.87
2021-12-02T16:41:00+01:00[Europe/Berlin],2021-12-02T17:47:00+01:00[Europe/Berlin],3960,01:06:00,gitoxide,Byron,"More pack::Find related work, cleanup, see how pack creation fares with multi-pack indices.",,Byron,,1.10
2021-12-02T19:13:00+01:00[Europe/Berlin],2021-12-02T19:25:00+01:00[Europe/Berlin],720,00:12:00,gitoxide,Byron,think about how to deal with bundles,,Byron,,0.20
2021-12-02T19:25:00+01:00[Europe/Berlin],2021-12-02T20:28:00+01:00[Europe/Berlin],3780,01:03:00,Radicle Future,Radicle,GiG-Episode 3,,Byron,,1.05
2021-12-03T07:30:00+01:00[Europe/Berlin],2021-12-03T07:42:00+01:00[Europe/Berlin],720,00:12:00,gitoxide,Byron,Switch to Rust 1.57 (clippy),,Byron,,0.20
2021-12-03T07:52:00+01:00[Europe/Berlin],2021-12-03T08:04:00+01:00[Europe/Berlin],720,00:12:00,maintenance,Byron,https://github.com/Byron/google-apis-rs/pull/311#issuecomment-985099901,,Byron,,0.20
2021-12-03T08:04:00+01:00[Europe/Berlin],2021-12-03T08:09:00+01:00[Europe/Berlin],300,00:05:00,gitoxide,Byron,https://github.com/Byron/gitoxide/issues/215#issuecomment-985102678,,Byron,,0.08
2021-12-03T08:09:00+01:00[Europe/Berlin],2021-12-03T08:17:00+01:00[Europe/Berlin],480,00:08:00,gitoxide,Byron,https://github.com/Byron/gitoxide/issues/268#issuecomment-985106514,,Byron,,0.13
2021-12-03T08:17:00+01:00[Europe/Berlin],2021-12-03T08:30:00+01:00[Europe/Berlin],780,00:13:00,gitoxide,Byron,Fixup git-pack::Find trait to deal with multi-pack indices.,,Byron,,0.22
2021-12-03T09:14:00+01:00[Europe/Berlin],2021-12-03T11:06:00+01:00[Europe/Berlin],6720,01:52:00,gitoxide,Byron,The generic ODB handle is alive and already simplifies many interactions.,,Byron,,1.87
2021-12-03T16:15:00+01:00[Europe/Berlin],2021-12-03T18:54:00+01:00[Europe/Berlin],9540,02:39:00,gitoxide,Byron,"Continue a massive simplification in git-repository, moving a lot of functionality down into git-odb",,Byron,,2.65
2021-12-04T09:19:00+01:00[Europe/Berlin],2021-12-04T09:27:00+01:00[Europe/Berlin],480,00:08:00,GitPython,Byron,https://github.com/gitpython-developers/GitPython/issues/1300#issuecomment-985940142,,Byron,,0.13
2021-12-04T09:27:00+01:00[Europe/Berlin],2021-12-04T09:42:00+01:00[Europe/Berlin],900,00:15:00,gitoxide,Byron,,,Byron,,0.25
2021-12-04T09:44:00+01:00[Europe/Berlin],2021-12-04T10:08:00+01:00[Europe/Berlin],1440,00:24:00,gitoxide,Byron,continue with refactoring,,Byron,,0.40
2021-12-04T10:19:00+01:00[Europe/Berlin],2021-12-04T11:27:00+01:00[Europe/Berlin],4080,01:08:00,gitoxide,Byron,continue getting rid of the `Access` abstraction to remove a lot of complexity.,,Byron,,1.13
2021-12-04T13:18:00+01:00[Europe/Berlin],2021-12-04T14:27:00+01:00[Europe/Berlin],4140,01:09:00,gitoxide,Byron,Greatly simplify the `Easy` business of git-repository.,,Byron,,1.15
2021-12-04T14:43:00+01:00[Europe/Berlin],2021-12-04T14:59:00+01:00[Europe/Berlin],960,00:16:00,gitoxide,Byron,finish most of refacotr,,Byron,,0.27
2021-12-04T20:58:00+01:00[Europe/Berlin],2021-12-04T21:30:00+01:00[Europe/Berlin],1920,00:32:00,gitoxide,Byron,Improve git-repository prelude and diffing example,,Byron,,0.53
2021-12-05T09:38:00+01:00[Europe/Berlin],2021-12-05T09:51:00+01:00[Europe/Berlin],780,00:13:00,gitoxide,Byron,look into tree-diff performance - seems there is a 10% regression that one can’t do anything about unless one avoids hitting the ‘find()’ function altogether.,,Byron,,0.22
2021-12-05T09:52:00+01:00[Europe/Berlin],2021-12-05T09:56:00+01:00[Europe/Berlin],240,00:04:00,maintenance,Byron,https://github.com/Byron/pulldown-cmark-to-cmark/pull/36,,Byron,,0.07
2021-12-05T09:56:00+01:00[Europe/Berlin],2021-12-05T10:03:00+01:00[Europe/Berlin],420,00:07:00,GitPython,Byron,,,Byron,,0.12
2021-12-05T10:03:00+01:00[Europe/Berlin],2021-12-05T10:10:00+01:00[Europe/Berlin],420,00:07:00,gitoxide,Byron,https://github.com/Byron/gitoxide/issues/268#issuecomment-986152707,,Byron,,0.12
2021-12-05T10:18:00+01:00[Europe/Berlin],2021-12-05T11:06:00+01:00[Europe/Berlin],2880,00:48:00,gitoxide,Byron,Finish Find refactoring: https://github.com/Byron/gitoxide/pull/267,,Byron,,0.80
2021-12-05T11:44:00+01:00[Europe/Berlin],2021-12-05T12:32:00+01:00[Europe/Berlin],2880,00:48:00,gitoxide,Byron,"start on cleaning up argument handling, remove boilerplate; fix long-standing issue around line renderer: https://github.com/Byron/gitoxide/pull/269",,Byron,,0.80
2021-12-05T16:03:00+01:00[Europe/Berlin],2021-12-05T18:00:00+01:00[Europe/Berlin],7020,01:57:00,gitoxide,Byron,Most of the argh-CLI removal done,,Byron,,1.95
2021-12-06T07:46:00+01:00[Europe/Berlin],2021-12-06T08:30:00+01:00[Europe/Berlin],2640,00:44:00,gitoxide,Byron,https://github.com/Byron/gitoxide/issues/270#issuecomment-986336082,,Byron,,0.73
2021-12-06T09:36:00+01:00[Europe/Berlin],2021-12-06T10:38:00+01:00[Europe/Berlin],3720,01:02:00,gitoxide,Byron,make testing with different object caches easier; look around co-existing code to see what to get right.,,Byron,,1.03
2021-12-06T15:35:00+01:00[Europe/Berlin],2021-12-06T16:30:00+01:00[Europe/Berlin],3300,00:55:00,gitoxide,Byron,experiment with pack-create/ prodash,,Byron,,0.92
2021-12-06T17:36:00+01:00[Europe/Berlin],2021-12-06T18:42:00+01:00[Europe/Berlin],3960,01:06:00,gitoxide,Byron,Try to figure out non-deterministic counting issue,,Byron,,1.10
2021-12-06T18:42:00+01:00[Europe/Berlin],2021-12-06T19:54:00+01:00[Europe/Berlin],4320,01:12:00,gitoxide,Byron,Fix regression causing objects to be counted multiple times.,,Byron,,1.20
2021-12-07T07:56:00+01:00[Europe/Berlin],2021-12-07T08:25:00+01:00[Europe/Berlin],1740,00:29:00,gitoxide,Byron,https://github.com/Byron/gitoxide/pull/272#pullrequestreview-824625225,,Byron,,0.48
2021-12-07T19:12:00+01:00[Europe/Berlin],2021-12-07T20:56:00+01:00[Europe/Berlin],6240,01:44:00,Radicle Future,Radicle,session with Sid,,Byron,,1.73
2021-12-07T21:14:00+01:00[Europe/Berlin],2021-12-07T21:22:00+01:00[Europe/Berlin],480,00:08:00,gitoxide,Byron,https://github.com/Byron/gitoxide/pull/272#pullrequestreview-825262602,,Byron,,0.13
2021-12-08T07:49:00+01:00[Europe/Berlin],2021-12-08T08:40:00+01:00[Europe/Berlin],3060,00:51:00,gitoxide,Byron,https://github.com/Byron/gitoxide/pull/272,,Byron,,0.85
2021-12-08T11:21:00+01:00[Europe/Berlin],2021-12-08T11:52:00+01:00[Europe/Berlin],1860,00:31:00,gitoxide,Byron,"look into git’s way of handling the ODB, it’s all lazy by the looks of it.",,Byron,,0.52
2021-12-08T12:09:00+01:00[Europe/Berlin],2021-12-08T12:40:00+01:00[Europe/Berlin],1860,00:31:00,gitoxide,Byron,"See which data structures to possibly adjust, do we really need the ‘im’ crate? Can we run operations in parallel even?",,Byron,,0.52
2021-12-08T14:48:00+01:00[Europe/Berlin],2021-12-08T15:15:00+01:00[Europe/Berlin],1620,00:27:00,gitoxide,Byron,keep understanding datastructures and implications,,Byron,,0.45
2021-12-09T07:29:00+01:00[Europe/Berlin],2021-12-09T07:36:00+01:00[Europe/Berlin],420,00:07:00,gitoxide,Byron,https://github.com/Byron/gitoxide/pull/272#issuecomment-989314060,,Byron,,0.12
2021-12-09T07:41:00+01:00[Europe/Berlin],2021-12-09T08:37:00+01:00[Europe/Berlin],3360,00:56:00,gitoxide,Byron,more experiments with sync db state,,Byron,,0.93
2021-12-09T11:32:00+01:00[Europe/Berlin],2021-12-09T11:35:00+01:00[Europe/Berlin],180,00:03:00,GitPython,Byron,https://github.com/gitpython-developers/GitPython/issues/1283#issuecomment-989478060,,Byron,,0.05
2021-12-09T11:35:00+01:00[Europe/Berlin],2021-12-09T12:13:00+01:00[Europe/Berlin],2280,00:38:00,gitoxide,Byron,more type testing,,Byron,,0.63
2021-12-09T15:17:00+01:00[Europe/Berlin],2021-12-09T17:11:00+01:00[Europe/Berlin],6840,01:54:00,gitoxide,Byron,"finish sync setup, should work properly.",,Byron,,1.90
2021-12-09T19:03:00+01:00[Europe/Berlin],2021-12-09T20:53:00+01:00[Europe/Berlin],6600,01:50:00,Radicle Future,Radicle,episode 5,,Byron,,1.83
2021-12-09T20:54:00+01:00[Europe/Berlin],2021-12-09T20:56:00+01:00[Europe/Berlin],120,00:02:00,gitoxide,Byron,Keep track of free-list idea,,Byron,,0.03
2021-12-09T21:08:00+01:00[Europe/Berlin],2021-12-09T21:45:00+01:00[Europe/Berlin],2220,00:37:00,gitoxide,Byron,impl of free buffer list nearly done,,Byron,,0.62
2021-12-10T08:02:00+01:00[Europe/Berlin],2021-12-10T08:04:00+01:00[Europe/Berlin],120,00:02:00,gitoxide,Byron,https://github.com/Byron/gitoxide/issues/274,,Byron,,0.03
2021-12-10T09:51:00+01:00[Europe/Berlin],2021-12-10T10:07:00+01:00[Europe/Berlin],960,00:16:00,gitoxide,Byron,https://github.com/Byron/gitoxide/discussions/93#discussioncomment-1783049,,Byron,,0.27
2021-12-10T14:00:00+01:00[Europe/Berlin],2021-12-10T15:59:00+01:00[Europe/Berlin],7140,01:59:00,gitoxide,Byron,"inefficiently think about multi-pack indices, see how they work, decide how to deal with them with the current Find impl in git-pack",,Byron,,1.98
2021-12-10T20:36:00+01:00[Europe/Berlin],2021-12-10T22:04:00+01:00[Europe/Berlin],5280,01:28:00,gitoxide,Byron,The humble beginning for the new PoC store,,Byron,,1.47
2021-12-11T16:00:00+01:00[Europe/Berlin],2021-12-11T16:44:00+01:00[Europe/Berlin],2640,00:44:00,gitoxide,Byron,"start plotting down some datastructures, look into how the ‘marker’ can actually work",,Byron,,0.73
2021-12-11T20:28:00+01:00[Europe/Berlin],2021-12-11T20:57:00+01:00[Europe/Berlin],1740,00:29:00,gitoxide,Byron,Port some more code from the design example,,Byron,,0.48
2021-12-12T10:34:00+01:00[Europe/Berlin],2021-12-12T12:55:00+01:00[Europe/Berlin],8460,02:21:00,gitoxide,Byron,metrics support for general store; more useful tests.,,Byron,,2.35
2021-12-12T16:22:00+01:00[Europe/Berlin],2021-12-12T16:26:00+01:00[Europe/Berlin],240,00:04:00,GitPython,Byron,https://github.com/gitpython-developers/gitdb/issues/77#issuecomment-991854359,,Byron,,0.07
2021-12-13T10:10:00+01:00[Europe/Berlin],2021-12-13T12:46:00+01:00[Europe/Berlin],9360,02:36:00,gitoxide,Byron,"work towards implementing ‘contains(id)’ completely, needs disk consolidation",,Byron,,2.60
2021-12-13T15:49:00+01:00[Europe/Berlin],2021-12-13T18:16:00+01:00[Europe/Berlin],8820,02:27:00,gitoxide,Byron,build up slot map in a way that keeps indices stable.,,Byron,,2.45
2021-12-13T19:03:00+01:00[Europe/Berlin],2021-12-13T20:42:00+01:00[Europe/Berlin],5940,01:39:00,Radicle Future,Radicle,Episode 6,,Byron,,1.65
2021-12-14T10:04:00+01:00[Europe/Berlin],2021-12-14T12:39:00+01:00[Europe/Berlin],9300,02:35:00,gitoxide,Byron,"get to the place where multi-pack indices can be handled, in theory, and to the spot where the new slotmap index is created prior to deleting/invalidating now unused slots.",,Byron,,2.58
2021-12-14T16:12:00+01:00[Europe/Berlin],2021-12-14T18:00:00+01:00[Europe/Berlin],6480,01:48:00,gitoxide,Byron,"Nearly a complete ‘refresh’ operation that handles the slot map layout and _should_ be free of unknown races (even though there are races that the implementation has to deal with, it’s in the nature of arcswap)",,Byron,,1.80
2021-12-14T18:59:00+01:00[Europe/Berlin],2021-12-14T19:12:00+01:00[Europe/Berlin],780,00:13:00,Radicle Future,Radicle,,,Byron,,0.22
2021-12-14T19:12:00+01:00[Europe/Berlin],2021-12-14T20:25:00+01:00[Europe/Berlin],4380,01:13:00,Radicle Future,Radicle,episode 7,,Byron,,1.22
2021-12-15T12:09:00+01:00[Europe/Berlin],2021-12-15T12:16:00+01:00[Europe/Berlin],420,00:07:00,maintenance,Byron,update criner to latest clap version RC.4,,Byron,,0.12
2021-12-15T12:16:00+01:00[Europe/Berlin],2021-12-15T12:20:00+01:00[Europe/Berlin],240,00:04:00,gitoxide,Byron,"try stable compiler once again, as it seems to work now.",,Byron,,0.07
2021-12-15T12:43:00+01:00[Europe/Berlin],2021-12-15T14:59:00+01:00[Europe/Berlin],8160,02:16:00,gitoxide,Byron,"first pieces of ‘contains()’ work, nearly actually loading indices.",,Byron,,2.27
2021-12-15T15:35:00+01:00[Europe/Berlin],2021-12-15T16:52:00+01:00[Europe/Berlin],4620,01:17:00,gitoxide,Byron,try new ‘contains’ impl with object-access program,,Byron,,1.28
2021-12-15T18:49:00+01:00[Europe/Berlin],2021-12-15T20:54:00+01:00[Europe/Berlin],7500,02:05:00,gitoxide,Byron,MRU cache and more object-access tests,,Byron,,2.08
2021-12-16T10:35:00+01:00[Europe/Berlin],2021-12-16T11:38:00+01:00[Europe/Berlin],3780,01:03:00,gitoxide,Byron,first sketch of pack lookup,,Byron,,1.05
2021-12-16T15:29:00+01:00[Europe/Berlin],2021-12-16T17:11:00+01:00[Europe/Berlin],6120,01:42:00,gitoxide,Byron,parallel pack loading and some performance tests. It’s absolutely en par and often a little faster due to MRU if there are many packs.,,Byron,,1.70
2021-12-16T19:49:00+01:00[Europe/Berlin],2021-12-16T20:47:00+01:00[Europe/Berlin],3480,00:58:00,gitoxide,Byron,some cleanup in object store;,,Byron,,0.97
2021-12-17T09:04:00+01:00[Europe/Berlin],2021-12-17T10:48:00+01:00[Europe/Berlin],6240,01:44:00,gitoxide,Byron,prepare to implememnt pack-id based operations,,Byron,,1.73
2021-12-17T12:51:00+01:00[Europe/Berlin],2021-12-17T13:23:00+01:00[Europe/Berlin],1920,00:32:00,gitoxide,Byron,,,Byron,,0.53
2021-12-17T15:00:00+01:00[Europe/Berlin],2021-12-17T17:45:00+01:00[Europe/Berlin],9900,02:45:00,gitoxide,Byron,,,Byron,,2.75
2021-12-18T13:12:00+01:00[Europe/Berlin],2021-12-18T13:41:00+01:00[Europe/Berlin],1740,00:29:00,gitoxide,Byron,make it work with non-threadsafe compiles,,Byron,,0.48
2021-12-18T16:45:00+01:00[Europe/Berlin],2021-12-18T18:31:00+01:00[Europe/Berlin],6360,01:46:00,gitoxide,Byron,improve module layout and merge PR,,Byron,,1.77
2021-12-19T08:58:00+01:00[Europe/Berlin],2021-12-19T09:00:00+01:00[Europe/Berlin],120,00:02:00,GitPython,Byron,https://github.com/gitpython-developers/GitPython/issues/1382,,Byron,,0.03
2021-12-19T09:10:00+01:00[Europe/Berlin],2021-12-19T09:59:00+01:00[Europe/Berlin],2940,00:49:00,gitoxide,Byron,"maintenance, upgrade all dependencies, dashmap might have gotten faster due to parking_lot",,Byron,,0.82
2021-12-19T10:14:00+01:00[Europe/Berlin],2021-12-19T11:11:00+01:00[Europe/Berlin],3420,00:57:00,gitoxide,Byron,"finish upgrading to crates-index, which doesn’t work well for the tests of cargo smart-release since it now enforces the index to exist.",,Byron,,0.95
2021-12-19T11:12:00+01:00[Europe/Berlin],2021-12-19T11:23:00+01:00[Europe/Berlin],660,00:11:00,gitoxide,Byron,"see if it’s trivial enough to parallelize changelog generation, but it’s not really and not yet necessary either.",,Byron,,0.18
2021-12-19T11:24:00+01:00[Europe/Berlin],2021-12-19T11:57:00+01:00[Europe/Berlin],1980,00:33:00,gitoxide,Byron,docs for dynamic store,,Byron,,0.55
2021-12-19T12:10:00+01:00[Europe/Berlin],2021-12-19T12:19:00+01:00[Europe/Berlin],540,00:09:00,gitoxide,Byron,,,Byron,,0.15
2021-12-19T14:58:00+01:00[Europe/Berlin],2021-12-19T15:59:00+01:00[Europe/Berlin],3660,01:01:00,gitoxide,Byron,a test to validate handle stability - it doesn’t quite work yet,,Byron,,1.02
2021-12-19T16:58:00+01:00[Europe/Berlin],2021-12-19T17:52:00+01:00[Europe/Berlin],3240,00:54:00,gitoxide,Byron,Finish #266,,Byron,,0.90
2021-12-20T08:09:00+01:00[Europe/Berlin],2021-12-20T08:16:00+01:00[Europe/Berlin],420,00:07:00,gitoxide,Byron,Q&A,,Byron,,0.12
2021-12-20T08:30:00+01:00[Europe/Berlin],2021-12-20T08:35:00+01:00[Europe/Berlin],300,00:05:00,gitoxide,Byron,finish Q&A,,Byron,,0.08
2021-12-20T09:03:00+01:00[Europe/Berlin],2021-12-20T11:39:00+01:00[Europe/Berlin],9360,02:36:00,gitoxide,Byron,"get MIDX basics going, realize there should be a chunk-file format impl for sharing between git-pack and git-commitgraph.",,Byron,,2.60
2021-12-20T11:56:00+01:00[Europe/Berlin],2021-12-20T12:25:00+01:00[Europe/Berlin],1740,00:29:00,gitoxide,Byron,read up on git chunk format and prepare frame for new crate to support sharing,,Byron,,0.48
2021-12-20T13:47:00+01:00[Europe/Berlin],2021-12-20T14:19:00+01:00[Europe/Berlin],1920,00:32:00,gitoxide,Byron,frame for chunk parsing,,Byron,,0.53
2021-12-20T14:31:00+01:00[Europe/Berlin],2021-12-20T19:01:00+01:00[Europe/Berlin],16200,04:30:00,gitoxide,Byron,git-chunk crate; multi-pack index parsing in full with chunk; start to make commitgraph use git-chunk just to have a little more test-coverage,,Byron,,4.50
2021-12-20T19:21:00+01:00[Europe/Berlin],2021-12-20T19:39:00+01:00[Europe/Berlin],1080,00:18:00,gitoxide,Byron,,,Byron,,0.30
2021-12-20T19:39:00+01:00[Europe/Berlin],2021-12-20T20:54:00+01:00[Europe/Berlin],4500,01:15:00,Radicle Future,Radicle,GiG episode 08,,Byron,,1.25
2021-12-20T21:33:00+01:00[Europe/Berlin],2021-12-20T21:57:00+01:00[Europe/Berlin],1440,00:24:00,gitoxide,Byron,port git-chunk into git-commitgraph,,Byron,,0.40
2021-12-21T09:30:00+01:00[Europe/Berlin],2021-12-21T11:49:00+01:00[Europe/Berlin],8340,02:19:00,gitoxide,Byron,commit-graph uses git-chunk crate; improve said crate for more comfort; review git-hash to simplify it.,,Byron,,2.32
2021-12-21T12:09:00+01:00[Europe/Berlin],2021-12-21T12:31:00+01:00[Europe/Berlin],1320,00:22:00,gitoxide,Byron,look into git-hash more,,Byron,,0.37
2021-12-21T14:40:00+01:00[Europe/Berlin],2021-12-21T15:57:00+01:00[Europe/Berlin],4620,01:17:00,gitoxide,Byron,more consistent usage of git-hash::Kind through out the git-odb traits and codebase. git-pack still has a lot of hard-coding going on and it’s not yet clear how these old file formats deal with different hashes.,,Byron,,1.28
2021-12-21T17:09:00+01:00[Europe/Berlin],2021-12-21T17:44:00+01:00[Europe/Berlin],2100,00:35:00,gitoxide,Byron,more git-hash work,,Byron,,0.58
2021-12-21T17:59:00+01:00[Europe/Berlin],2021-12-21T19:08:00+01:00[Europe/Berlin],4140,01:09:00,gitoxide,Byron,more git-hash parametrization,,Byron,,1.15
2021-12-21T19:08:00+01:00[Europe/Berlin],2021-12-21T20:15:00+01:00[Europe/Berlin],4020,01:07:00,Radicle Future,Radicle,episode 10,,Byron,,1.12
2021-12-21T21:19:00+01:00[Europe/Berlin],2021-12-21T22:49:00+01:00[Europe/Berlin],5400,01:30:00,gitoxide,Byron,"more git-hash simplification, down to null_shal1()",,Byron,,1.50
2021-12-22T08:56:00+01:00[Europe/Berlin],2021-12-22T10:59:00+01:00[Europe/Berlin],7380,02:03:00,gitoxide,Byron,Finish git-hash conversion parametrization thus far.,,Byron,,2.05
2021-12-22T11:43:00+01:00[Europe/Berlin],2021-12-22T12:21:00+01:00[Europe/Berlin],2280,00:38:00,gitoxide,Byron,read up on sha256 transition to check if we can rely on the hash size,,Byron,,0.63
2021-12-22T12:45:00+01:00[Europe/Berlin],2021-12-22T13:18:00+01:00[Europe/Berlin],1980,00:33:00,gitoxide,Byron,remove invalid dependency of git-hash to the length of the hash (internally it still makes that assumption),,Byron,,0.55
2021-12-22T14:38:00+01:00[Europe/Berlin],2021-12-22T16:08:00+01:00[Europe/Berlin],5400,01:30:00,gitoxide,Byron,All multi-index access methods,,Byron,,1.50
2021-12-22T17:35:00+01:00[Europe/Berlin],2021-12-22T18:19:00+01:00[Europe/Berlin],2640,00:44:00,gitoxide,Byron,remaining docs for multi-index,,Byron,,0.73
2021-12-22T18:53:00+01:00[Europe/Berlin],2021-12-22T19:07:00+01:00[Europe/Berlin],840,00:14:00,gitoxide,GitHub Sponsors,,,Byron,,0.23
2021-12-22T19:07:00+01:00[Europe/Berlin],2021-12-22T20:50:00+01:00[Europe/Berlin],6180,01:43:00,Radicle Future,Radicle,"Episode 11 recording (upload delayed, needs editing)",,Byron,,1.72
2021-12-22T20:56:00+01:00[Europe/Berlin],2021-12-22T21:38:00+01:00[Europe/Berlin],2520,00:42:00,gitoxide,GitHub Sponsors,sponsor email,,Byron,,0.70
2021-12-23T08:39:00+01:00[Europe/Berlin],2021-12-23T08:48:00+01:00[Europe/Berlin],540,00:09:00,gitoxide,Byron,"Check reddit, reply there",,Byron,,0.15
2021-12-23T08:49:00+01:00[Europe/Berlin],2021-12-23T09:23:00+01:00[Europe/Berlin],2040,00:34:00,maintenance,Byron,https://github.com/Byron/dua-cli/issues/115; https://github.com/Byron/trash-rs/issues/40,,Byron,,0.57
2021-12-23T11:16:00+01:00[Europe/Berlin],2021-12-23T12:20:00+01:00[Europe/Berlin],3840,01:04:00,gitoxide,Byron,Start on MIDX integration; try to get latest GiG episode fixed,,Byron,,1.07
2021-12-23T12:44:00+01:00[Europe/Berlin],2021-12-23T13:15:00+01:00[Europe/Berlin],1860,00:31:00,gitoxide,Byron,,,Byron,,0.52
2021-12-23T15:05:00+01:00[Europe/Berlin],2021-12-23T15:31:00+01:00[Europe/Berlin],1560,00:26:00,gitoxide,Byron,first test for multi-index odb and access,,Byron,,0.43
2021-12-23T17:41:00+01:00[Europe/Berlin],2021-12-23T18:43:00+01:00[Europe/Berlin],3720,01:02:00,gitoxide,Byron,some more work towards opening multi-indices,,Byron,,1.03
2021-12-23T19:51:00+01:00[Europe/Berlin],2021-12-23T20:39:00+01:00[Europe/Berlin],2880,00:48:00,gitoxide,Byron,a rough integration for multi-indices is nearly there.,,Byron,,0.80
2021-12-24T09:39:00+01:00[Europe/Berlin],2021-12-24T09:45:00+01:00[Europe/Berlin],360,00:06:00,GitPython,Byron,https://github.com/gitpython-developers/GitPython/pull/1387,,Byron,,0.10
2021-12-24T09:45:00+01:00[Europe/Berlin],2021-12-24T10:02:00+01:00[Europe/Berlin],1020,00:17:00,gitoxide,Byron,https://github.com/crate-ci/cargo-release/issues/224#issuecomment-1000607434 - look into breakage detection research,,Byron,,0.28
2021-12-24T10:02:00+01:00[Europe/Berlin],2021-12-24T11:10:00+01:00[Europe/Berlin],4080,01:08:00,gitoxide,Byron,Just one more TODO to get the first basic multi-index integration with way too few tests.,,Byron,,1.13
2021-12-24T11:11:00+01:00[Europe/Berlin],2021-12-24T11:15:00+01:00[Europe/Berlin],240,00:04:00,maintenance,Byron,https://github.com/Byron/pulldown-cmark-to-cmark/issues/37,,Byron,,0.07
2021-12-24T11:15:00+01:00[Europe/Berlin],2021-12-24T11:31:00+01:00[Europe/Berlin],960,00:16:00,gitoxide,Byron,first working test with multi-index,,Byron,,0.27
2021-12-24T14:56:00+01:00[Europe/Berlin],2021-12-24T16:55:00+01:00[Europe/Berlin],7140,01:59:00,gitoxide,Byron,Hunt a ghost (endless loop due to unnecessary optimization that was in itself buggy); finally get to the point where multi-pack index changes get handled.,,Byron,,1.98
2021-12-26T09:20:00+01:00[Europe/Berlin],2021-12-26T09:25:00+01:00[Europe/Berlin],300,00:05:00,maintenance,Byron,https://github.com/Byron/trash-rs/issues/40#issuecomment-1001091144,,Byron,,0.08
2021-12-26T09:25:00+01:00[Europe/Berlin],2021-12-26T09:32:00+01:00[Europe/Berlin],420,00:07:00,maintenance,Byron,https://github.com/Byron/dua-cli/issues/116#issuecomment-1001091770,,Byron,,0.12
2021-12-26T09:32:00+01:00[Europe/Berlin],2021-12-26T09:43:00+01:00[Europe/Berlin],660,00:11:00,maintenance,Byron,https://github.com/Byron/pulldown-cmark-to-cmark/issues/37,,Byron,,0.18
2021-12-27T08:42:00+01:00[Europe/Berlin],2021-12-27T08:48:00+01:00[Europe/Berlin],360,00:06:00,maintenance,Byron,https://github.com/Byron/dua-cli/issues/116#issuecomment-1001268018,,Byron,,0.10
2021-12-27T08:56:00+01:00[Europe/Berlin],2021-12-27T09:24:00+01:00[Europe/Berlin],1680,00:28:00,maintenance,Byron,https://github.com/Byron/dua-cli/issues/116#issuecomment-1001279335,,Byron,,0.47
2021-12-27T10:00:00+01:00[Europe/Berlin],2021-12-27T10:06:00+01:00[Europe/Berlin],360,00:06:00,maintenance,Byron,https://github.com/Byron/dua-cli/issues/116#issuecomment-1001289798,,Byron,,0.10
2021-12-27T10:46:00+01:00[Europe/Berlin],2021-12-27T11:17:00+01:00[Europe/Berlin],1860,00:31:00,maintenance,Byron,A new dua release: https://github.com/Byron/dua-cli/issues/116#issuecomment-1001309137,,Byron,,0.52
2021-12-27T11:17:00+01:00[Europe/Berlin],2021-12-27T12:37:00+01:00[Europe/Berlin],4800,01:20:00,maintenance,Byron,First round of prodash perf improvements,,Byron,,1.33
2021-12-27T13:35:00+01:00[Europe/Berlin],2021-12-27T14:12:00+01:00[Europe/Berlin],2220,00:37:00,maintenance,Byron,"finish prodash 9x speed improvement, and integrate into criner and gitoxide",,Byron,,0.62
2021-12-27T16:38:00+01:00[Europe/Berlin],2021-12-27T17:37:00+01:00[Europe/Berlin],3540,00:59:00,maintenance,Byron,"see if cargo-cache errors can be resolved, but … there is more about error handling that needs fixing there and it seems there is an encoding/decoding error when handling path",,Byron,,0.98
2021-12-27T19:30:00+01:00[Europe/Berlin],2021-12-27T20:52:00+01:00[Europe/Berlin],4920,01:22:00,maintenance,Byron,https://github.com/matthiaskrgr/cargo-cache/issues/113,,Byron,,1.37
2021-12-28T08:50:00+01:00[Europe/Berlin],2021-12-28T08:55:00+01:00[Europe/Berlin],300,00:05:00,maintenance,Byron,https://github.com/matthiaskrgr/cargo-cache/pull/114#issuecomment-1001815521,,Byron,,0.08
2021-12-28T10:26:00+01:00[Europe/Berlin],2021-12-28T11:25:00+01:00[Europe/Berlin],3540,00:59:00,gitoxide,Byron,EOY 2021,,Byron,,0.98
2021-12-29T09:50:00+01:00[Europe/Berlin],2021-12-29T11:38:00+01:00[Europe/Berlin],6480,01:48:00,gitoxide,Byron,"Add remaining tests for multi-pack indices, which turn out to be quite similar to normal ones after all as they is no take-over of previously opened packs.",,Byron,,1.80
2021-12-29T14:26:00+01:00[Europe/Berlin],2021-12-29T17:58:00+01:00[Europe/Berlin],12720,03:32:00,gitoxide,Byron,multi-index verification and refactoring,,Byron,,3.53
2021-12-29T18:29:00+01:00[Europe/Berlin],2021-12-29T19:24:00+01:00[Europe/Berlin],3300,00:55:00,gitoxide,Byron,verification finalization,,Byron,,0.92
2021-12-29T19:31:00+01:00[Europe/Berlin],2021-12-29T20:45:00+01:00[Europe/Berlin],4440,01:14:00,gitoxide,Byron,nicer printing for multi-pack index validation,,Byron,,1.23
2021-12-30T08:36:00+01:00[Europe/Berlin],2021-12-30T11:19:00+01:00[Europe/Berlin],9780,02:43:00,gitoxide,Byron,"much improved multi-index verification, along with improvements to index verification itself.",,Byron,,2.72
2021-12-30T11:30:00+01:00[Europe/Berlin],2021-12-30T11:52:00+01:00[Europe/Berlin],1320,00:22:00,gitoxide,Byron,study multi-index writing roughly,,Byron,,0.37
2021-12-30T14:47:00+01:00[Europe/Berlin],2021-12-30T16:55:00+01:00[Europe/Berlin],7680,02:08:00,gitoxide,Byron,work on multi-index writing,,Byron,,2.13
2021-12-30T19:52:00+01:00[Europe/Berlin],2021-12-30T20:34:00+01:00[Europe/Berlin],2520,00:42:00,gitoxide,Byron,chunk write API,,Byron,,0.70
2021-12-30T20:39:00+01:00[Europe/Berlin],2021-12-30T22:25:00+01:00[Europe/Berlin],6360,01:46:00,gitoxide,Byron,rustacean station podcast,,Byron,,1.77
